audit(1772656206.957:277): proctitle=6C6E002D73002F646174612F6C6F63616C2F746D702F73796D74657374002F646174612F6C6F672F73796D746573745F6C696E6B
audit(1772656267.447:278): avc:  denied  { read } for  pid=8601 comm="sh" name="core_pattern" dev="proc" ino=101262 scontext=u:r:shell:s0 tcontext=u:object_r:usermodehelper:s0 tclass=file
audit(1772656267.447:278): arch=40000028 syscall=322 per=800008 success=no exit=-13 a0=ffffff9c a1=b6d4f83c a2=20000 a3=0 items=0 ppid=3114 pid=8601 auid=4294967295 uid=2000 gid=2000 euid=2000 suid=2000 fsuid=2000 egid=2000 sgid=2000 fsgid=2000 ses=4294967295 tty=pts0 comm="sh" exe="/system/bin/sh" subj=u:r:shell:s0 key=(null)
audit(1772656267.447:278): proctitle=2F73797374656D2F62696E2F7368002D6300636174202F70726F632F7379732F6B65726E656C2F636F72655F7061747465726E20323E2F6465762F6E756C6C3B206563686F20273D3D3D273B20636174202F70726F632F7379732F6B65726E656C2F6D6F6470726F626520323E2F6465762F6E756C6C3B206563686F20273D3D
audit(1772656267.447:279): avc:  denied  { read } for  pid=8601 comm="sh" name="poweroff_cmd" dev="proc" ino=101263 scontext=u:r:shell:s0 tcontext=u:object_r:usermodehelper:s0 tclass=file
audit(1772656267.447:279): arch=40000028 syscall=322 per=800008 success=no exit=-13 a0=ffffff9c a1=b6d4f83c a2=20000 a3=0 items=0 ppid=3114 pid=8601 auid=4294967295 uid=2000 gid=2000 euid=2000 suid=2000 fsuid=2000 egid=2000 sgid=2000 fsgid=2000 ses=4294967295 tty=pts0 comm="sh" exe="/system/bin/sh" subj=u:r:shell:s0 key=(null)
audit(1772656267.447:279): proctitle=2F73797374656D2F62696E2F7368002D6300636174202F70726F632F7379732F6B65726E656C2F636F72655F7061747465726E20323E2F6465762F6E756C6C3B206563686F20273D3D3D273B20636174202F70726F632F7379732F6B65726E656C2F6D6F6470726F626520323E2F6465762F6E756C6C3B206563686F20273D3D
audit(1772656267.447:280): avc:  denied  { read } for  pid=8601 comm="sh" name="suid_dumpable" dev="proc" ino=101265 scontext=u:r:shell:s0 tcontext=u:object_r:proc_security:s0 tclass=file
audit(1772656267.447:280): arch=40000028 syscall=322 per=800008 success=no exit=-13 a0=ffffff9c a1=b6d7f184 a2=20000 a3=0 items=0 ppid=3114 pid=8601 auid=4294967295 uid=2000 gid=2000 euid=2000 suid=2000 fsuid=2000 egid=2000 sgid=2000 fsgid=2000 ses=4294967295 tty=pts0 comm="sh" exe="/system/bin/sh" subj=u:r:shell:s0 key=(null)
audit(1772656267.447:280): proctitle=2F73797374656D2F62696E2F7368002D6300636174202F70726F632F7379732F6B65726E656C2F636F72655F7061747465726E20323E2F6465762F6E756C6C3B206563686F20273D3D3D273B20636174202F70726F632F7379732F6B65726E656C2F6D6F6470726F626520323E2F6465762F6E756C6C3B206563686F20273D3D
avc:  denied  { set } for property=persist.sys.test.privesc scontext=u:r:shell:s0 tcontext=u:object_r:system_prop:s0 tclass=property_service
audit(1772656293.077:281): avc:  denied  { create } for  pid=8624 comm="ln" name="test_symlink_EQqf5C" scontext=u:r:shell:s0 tcontext=u:object_r:dumplog_data_file:s0 tclass=lnk_file
audit(1772656293.077:281): arch=40000028 syscall=331 per=800008 success=no exit=-13 a0=befbf9f5 a1=ffffff9c a2=b6bd9000 a3=180 items=0 ppid=8622 pid=8624 auid=4294967295 uid=2000 gid=2000 euid=2000 suid=2000 fsuid=2000 egid=2000 sgid=2000 fsgid=2000 ses=4294967295 tty=pts2 comm="ln" exe="/system/bin/toybox" subj=u:r:shell:s0 key=(null)
audit(1772656293.077:281): proctitle=6C6E002D7366002F646174612F6C6F63616C2F746D702F70776E6564002F646174612F6C6F672F746573745F73796D6C696E6B
type=2000 audit(0.360:1): initialized
type=1403 audit(1772656301.670:12): policy loaded auid=4294967295 ses=4294967295
type=1404 audit(1772656301.670:13): config_always_enforce - true; enforcing=1 old_enforcing=1 auid=4294967295 ses=4294967295
type=1701 audit(1772656448.155:180): auid=4294967295 uid=50008 gid=50008 ses=4294967295 subj=u:r:dex2oat:s0 pid=2965 comm="main" reason="memory violation" sig=11
type=1305 audit(1772656458.925:261): audit_pid=3712 old=0 auid=4294967295 ses=4294967295
 subj=u:r:auditd:s0 res=1
audit(0.360:1): initialized
audit(1772656301.670:12): policy loaded auid=4294967295 ses=4294967295
audit(1772656301.670:13): config_always_enforce - true; enforcing=1 old_enforcing=1 auid=4294967295 ses=4294967295
audit(1772656458.925:262): audit_enabled=1 old=1 auid=4294967295 ses=4294967295
 subj=u:r:auditd:s0 res=1
avc:  denied  { set } for property=persist.test.privesc scontext=u:r:shell:s0 tcontext=u:object_r:default_prop:s0 tclass=property_service
avc:  denied  { set } for property=sys.test.privesc scontext=u:r:shell:s0 tcontext=u:object_r:system_prop:s0 tclass=property_service
avc:  denied  { set } for property=ctl.bootanim scontext=u:r:shell:s0 tcontext=u:object_r:ctl_bootanim_prop:s0 tclass=property_service
audit(1772656512.290:267): avc:  denied  { read } for  pid=6022 comm="sh" name="mmap_min_addr" dev="proc" ino=32691 scontext=u:r:shell:s0 tcontext=u:object_r:proc_security:s0 tclass=file
audit(1772656512.290:267): arch=40000028 syscall=322 per=800008 success=no exit=-13 a0=ffffff9c a1=b6dbf1e4 a2=20000 a3=0 items=0 ppid=3114 pid=6022 auid=4294967295 uid=2000 gid=2000 euid=2000 suid=2000 fsuid=2000 egid=2000 sgid=2000 fsgid=2000 ses=4294967295 tty=pts3 comm="sh" exe="/system/bin/sh" subj=u:r:shell:s0 key=(null)
audit(1772656512.290:267): proctitle=2F73797374656D2F62696E2F7368002D63006C73202D6C61202F6465762F6173686D656D3B206563686F20273D3D3D50544D583D3D3D273B206C73202D6C61202F6465762F70746D78202F6465762F7074732F20323E2F6465762F6E756C6C3B206563686F20273D3D3D504950455F544553543D3D3D273B20636174202F7072
audit(1772656581.535:268): avc:  denied  { create } for  pid=7478 comm="phonet_pnpipe_e" scontext=u:r:shell:s0 tcontext=u:r:shell:s0 tclass=socket
audit(1772656581.535:268): arch=40000028 syscall=281 per=800000 success=no exit=-13 a0=23 a1=2 a2=1 a3=0 items=0 ppid=7477 pid=7478 auid=4294967295 uid=2000 gid=2000 euid=2000 suid=2000 fsuid=2000 egid=2000 sgid=2000 fsgid=2000 ses=4294967295 tty=pts0 comm="phonet_pnpipe_e" exe="/data/local/tmp/phonet_pnpipe_exploit" subj=u:r:shell:s0 key=(null)
audit(1772656581.535:268): proctitle="/data/local/tmp/phonet_pnpipe_exploit"
audit(1772656581.540:269): avc:  denied  { create } for  pid=7478 comm="phonet_pnpipe_e" scontext=u:r:shell:s0 tcontext=u:r:shell:s0 tclass=socket
audit(1772656581.540:269): arch=40000028 syscall=281 per=800000 success=no exit=-13 a0=23 a1=5 a2=2 a3=0 items=0 ppid=7477 pid=7478 auid=4294967295 uid=2000 gid=2000 euid=2000 suid=2000 fsuid=2000 egid=2000 sgid=2000 fsgid=2000 ses=4294967295 tty=pts0 comm="phonet_pnpipe_e" exe="/data/local/tmp/phonet_pnpipe_exploit" subj=u:r:shell:s0 key=(null)
audit(1772656581.540:269): proctitle="/data/local/tmp/phonet_pnpipe_exploit"
audit(1772656581.540:270): avc:  denied  { create } for  pid=7478 comm="phonet_pnpipe_e" scontext=u:r:shell:s0 tcontext=u:r:shell:s0 tclass=socket
audit(1772656581.540:270): arch=40000028 syscall=281 per=800000 success=no exit=-13 a0=23 a1=3 a2=0 a3=0 items=0 ppid=7477 pid=7478 auid=4294967295 uid=2000 gid=2000 euid=2000 suid=2000 fsuid=2000 egid=2000 sgid=2000 fsgid=2000 ses=4294967295 tty=pts0 comm="phonet_pnpipe_e" exe="/data/local/tmp/phonet_pnpipe_exploit" subj=u:r:shell:s0 key=(null)
audit(1772656581.540:270): proctitle="/data/local/tmp/phonet_pnpipe_exploit"
audit(1772656581.540:271): avc:  denied  { create } for  pid=7478 comm="phonet_pnpipe_e" scontext=u:r:shell:s0 tcontext=u:r:shell:s0 tclass=socket
audit(1772656581.540:271): arch=40000028 syscall=281 per=800000 success=no exit=-13 a0=18 a1=1 a2=0 a3=0 items=0 ppid=7477 pid=7478 auid=4294967295 uid=2000 gid=2000 euid=2000 suid=2000 fsuid=2000 egid=2000 sgid=2000 fsgid=2000 ses=4294967295 tty=pts0 comm="phonet_pnpipe_e" exe="/data/local/tmp/phonet_pnpipe_exploit" subj=u:r:shell:s0 key=(null)
audit(1772656581.540:271): proctitle="/data/local/tmp/phonet_pnpipe_exploit"
audit(1772656581.540:272): avc:  denied  { create } for  pid=7478 comm="phonet_pnpipe_e" scontext=u:r:shell:s0 tcontext=u:r:shell:s0 tclass=socket
audit(1772656581.540:272): arch=40000028 syscall=281 per=800000 success=no exit=-13 a0=18 a1=1 a2=1 a3=0 items=0 ppid=7477 pid=7478 auid=4294967295 uid=2000 gid=2000 euid=2000 suid=2000 fsuid=2000 egid=2000 sgid=2000 fsgid=2000 ses=4294967295 tty=pts0 comm="phonet_pnpipe_e" exe="/data/local/tmp/phonet_pnpipe_exploit" subj=u:r:shell:s0 key=(null)
audit(1772656581.540:272): proctitle="/data/local/tmp/phonet_pnpipe_exploit"
audit(1772656581.540:273): avc:  denied  { create } for  pid=7478 comm="phonet_pnpipe_e" scontext=u:r:shell:s0 tcontext=u:r:shell:s0 tclass=socket
audit(1772656581.540:273): arch=40000028 syscall=281 per=800000 success=no exit=-13 a0=18 a1=1 a2=2 a3=0 items=0 ppid=7477 pid=7478 auid=4294967295 uid=2000 gid=2000 euid=2000 suid=2000 fsuid=2000 egid=2000 sgid=2000 fsgid=2000 ses=4294967295 tty=pts0 comm="phonet_pnpipe_e" exe="/data/local/tmp/phonet_pnpipe_exploit" subj=u:r:shell:s0 key=(null)
audit(1772656581.540:273): proctitle="/data/local/tmp/phonet_pnpipe_exploit"
audit(1772656581.540:274): avc:  denied  { create } for  pid=7478 comm="phonet_pnpipe_e" scontext=u:r:shell:s0 tcontext=u:r:shell:s0 tclass=socket
audit(1772656581.540:274): arch=40000028 syscall=281 per=800000 success=no exit=-13 a0=18 a1=2 a2=3 a3=0 items=0 ppid=7477 pid=7478 auid=4294967295 uid=2000 gid=2000 euid=2000 suid=2000 fsuid=2000 egid=2000 sgid=2000 fsgid=2000 ses=4294967295 tty=pts0 comm="phonet_pnpipe_e" exe="/data/local/tmp/phonet_pnpipe_exploit" subj=u:r:shell:s0 key=(null)
audit(1772656581.540:274): proctitle="/data/local/tmp/phonet_pnpipe_exploit"
audit(1772656581.540:275): avc:  denied  { create } for  pid=7478 comm="phonet_pnpipe_e" scontext=u:r:shell:s0 tcontext=u:r:shell:s0 tclass=socket
audit(1772656581.540:275): arch=40000028 syscall=281 per=800000 success=no exit=-13 a0=18 a1=2 a2=4 a3=0 items=0 ppid=7477 pid=7478 auid=4294967295 uid=2000 gid=2000 euid=2000 suid=2000 fsuid=2000 egid=2000 sgid=2000 fsgid=2000 ses=4294967295 tty=pts0 comm="phonet_pnpipe_e" exe="/data/local/tmp/phonet_pnpipe_exploit" subj=u:r:shell:s0 key=(null)
audit(1772656581.540:275): proctitle="/data/local/tmp/phonet_pnpipe_exploit"
audit(1772656581.540:276): avc:  denied  { create } for  pid=7478 comm="phonet_pnpipe_e" scontext=u:r:shell:s0 tcontext=u:r:shell:s0 tclass=netlink_kobject_uevent_socket
audit(1772656581.540:276): arch=40000028 syscall=281 per=800000 success=no exit=-13 a0=10 a1=2 a2=f a3=0 items=0 ppid=7477 pid=7478 auid=4294967295 uid=2000 gid=2000 euid=2000 suid=2000 fsuid=2000 egid=2000 sgid=2000 fsgid=2000 ses=4294967295 tty=pts0 comm="phonet_pnpipe_e" exe="/data/local/tmp/phonet_pnpipe_exploit" subj=u:r:shell:s0 key=(null)
audit(1772656581.540:276): proctitle="/data/local/tmp/phonet_pnpipe_exploit"
audit(1772656581.540:277): avc:  denied  { create } for  pid=7478 comm="phonet_pnpipe_e" scontext=u:r:shell:s0 tcontext=u:r:shell:s0 tclass=netlink_socket
audit(1772656581.540:277): arch=40000028 syscall=281 per=800000 success=no exit=-13 a0=10 a1=3 a2=10 a3=0 items=0 ppid=7477 pid=7478 auid=4294967295 uid=2000 gid=2000 euid=2000 suid=2000 fsuid=2000 egid=2000 sgid=2000 fsgid=2000 ses=4294967295 tty=pts0 comm="phonet_pnpipe_e" exe="/data/local/tmp/phonet_pnpipe_exploit" subj=u:r:shell:s0 key=(null)
audit(1772656581.540:277): proctitle="/data/local/tmp/phonet_pnpipe_exploit"
audit(1772656581.540:278): avc:  denied  { create } for  pid=7478 comm="phonet_pnpipe_e" scontext=u:r:shell:s0 tcontext=u:r:shell:s0 tclass=netlink_audit_socket
audit(1772656581.540:278): arch=40000028 syscall=281 per=800000 success=no exit=-13 a0=10 a1=3 a2=9 a3=0 items=0 ppid=7477 pid=7478 auid=4294967295 uid=2000 gid=2000 euid=2000 suid=2000 fsuid=2000 egid=2000 sgid=2000 fsgid=2000 ses=4294967295 tty=pts0 comm="phonet_pnpipe_e" exe="/data/local/tmp/phonet_pnpipe_exploit" subj=u:r:shell:s0 key=(null)
audit(1772656581.540:278): proctitle="/data/local/tmp/phonet_pnpipe_exploit"
audit(1772656581.540:279): avc:  denied  { create } for  pid=7478 comm="phonet_pnpipe_e" scontext=u:r:shell:s0 tcontext=u:r:shell:s0 tclass=socket
audit(1772656581.540:279): arch=40000028 syscall=281 per=800000 success=no exit=-13 a0=25 a1=1 a2=0 a3=0 items=0 ppid=7477 pid=7478 auid=4294967295 uid=2000 gid=2000 euid=2000 suid=2000 fsuid=2000 egid=2000 sgid=2000 fsgid=2000 ses=4294967295 tty=pts0 comm="phonet_pnpipe_e" exe="/data/local/tmp/phonet_pnpipe_exploit" subj=u:r:shell:s0 key=(null)
audit(1772656581.540:279): proctitle="/data/local/tmp/phonet_pnpipe_exploit"
audit(1772656581.540:280): avc:  denied  { create } for  pid=7478 comm="phonet_pnpipe_e" scontext=u:r:shell:s0 tcontext=u:r:shell:s0 tclass=socket
audit(1772656581.540:280): arch=40000028 syscall=281 per=800000 success=no exit=-13 a0=25 a1=5 a2=0 a3=0 items=0 ppid=7477 pid=7478 auid=4294967295 uid=2000 gid=2000 euid=2000 suid=2000 fsuid=2000 egid=2000 sgid=2000 fsgid=2000 ses=4294967295 tty=pts0 comm="phonet_pnpipe_e" exe="/data/local/tmp/phonet_pnpipe_exploit" subj=u:r:shell:s0 key=(null)
audit(1772656581.540:280): proctitle="/data/local/tmp/phonet_pnpipe_exploit"
audit(1772656581.545:281): avc:  denied  { create } for  pid=7478 comm="phonet_pnpipe_e" scontext=u:r:shell:s0 tcontext=u:r:shell:s0 tclass=socket
audit(1772656581.545:281): arch=40000028 syscall=281 per=800000 success=no exit=-13 a0=23 a1=1 a2=fffffff6 a3=0 items=0 ppid=7477 pid=7478 auid=4294967295 uid=2000 gid=2000 euid=2000 suid=2000 fsuid=2000 egid=2000 sgid=2000 fsgid=2000 ses=4294967295 tty=pts0 comm="phonet_pnpipe_e" exe="/data/local/tmp/phonet_pnpipe_exploit" subj=u:r:shell:s0 key=(null)
audit(1772656581.545:281): proctitle="/data/local/tmp/phonet_pnpipe_exploit"
audit(1772656581.545:282): avc:  denied  { create } for  pid=7478 comm="phonet_pnpipe_e" scontext=u:r:shell:s0 tcontext=u:r:shell:s0 tclass=socket
audit(1772656581.545:282): arch=40000028 syscall=281 per=800000 success=no exit=-13 a0=23 a1=2 a2=fffffff6 a3=0 items=0 ppid=7477 pid=7478 auid=4294967295 uid=2000 gid=2000 euid=2000 suid=2000 fsuid=2000 egid=2000 sgid=2000 fsgid=2000 ses=4294967295 tty=pts0 comm="phonet_pnpipe_e" exe="/data/local/tmp/phonet_pnpipe_exploit" subj=u:r:shell:s0 key=(null)
audit(1772656581.545:282): proctitle="/data/local/tmp/phonet_pnpipe_exploit"
audit(1772656581.545:283): avc:  denied  { create } for  pid=7478 comm="phonet_pnpipe_e" scontext=u:r:shell:s0 tcontext=u:r:shell:s0 tclass=socket
audit(1772656581.545:283): arch=40000028 syscall=281 per=800000 success=no exit=-13 a0=23 a1=3 a2=fffffff6 a3=0 items=0 ppid=7477 pid=7478 auid=4294967295 uid=2000 gid=2000 euid=2000 suid=2000 fsuid=2000 egid=2000 sgid=2000 fsgid=2000 ses=4294967295 tty=pts0 comm="phonet_pnpipe_e" exe="/data/local/tmp/phonet_pnpipe_exploit" subj=u:r:shell:s0 key=(null)
audit(1772656581.545:283): proctitle="/data/local/tmp/phonet_pnpipe_exploit"
audit(1772656581.545:284): avc:  denied  { create } for  pid=7478 comm="phonet_pnpipe_e" scontext=u:r:shell:s0 tcontext=u:r:shell:s0 tclass=socket
audit(1772656581.545:284): arch=40000028 syscall=281 per=800000 success=no exit=-13 a0=23 a1=4 a2=fffffff6 a3=0 items=0 ppid=7477 pid=7478 auid=4294967295 uid=2000 gid=2000 euid=2000 suid=2000 fsuid=2000 egid=2000 sgid=2000 fsgid=2000 ses=4294967295 tty=pts0 comm="phonet_pnpipe_e" exe="/data/local/tmp/phonet_pnpipe_exploit" subj=u:r:shell:s0 key=(null)
audit(1772656581.545:284): proctitle="/data/local/tmp/phonet_pnpipe_exploit"
audit(1772656581.545:285): avc:  denied  { create } for  pid=7478 comm="phonet_pnpipe_e" scontext=u:r:shell:s0 tcontext=u:r:shell:s0 tclass=socket
audit(1772656581.545:285): arch=40000028 syscall=281 per=800000 success=no exit=-13 a0=23 a1=5 a2=fffffff6 a3=0 items=0 ppid=7477 pid=7478 auid=4294967295 uid=2000 gid=2000 euid=2000 suid=2000 fsuid=2000 egid=2000 sgid=2000 fsgid=2000 ses=4294967295 tty=pts0 comm="phonet_pnpipe_e" exe="/data/local/tmp/phonet_pnpipe_exploit" subj=u:r:shell:s0 key=(null)
audit(1772656581.545:285): proctitle="/data/local/tmp/phonet_pnpipe_exploit"
audit(1772656581.545:286): avc:  denied  { create } for  pid=7478 comm="phonet_pnpipe_e" scontext=u:r:shell:s0 tcontext=u:r:shell:s0 tclass=socket
audit(1772656581.545:286): arch=40000028 syscall=281 per=800000 success=no exit=-13 a0=23 a1=1 a2=fffffff7 a3=0 items=0 ppid=7477 pid=7478 auid=4294967295 uid=2000 gid=2000 euid=2000 suid=2000 fsuid=2000 egid=2000 sgid=2000 fsgid=2000 ses=4294967295 tty=pts0 comm="phonet_pnpipe_e" exe="/data/local/tmp/phonet_pnpipe_exploit" subj=u:r:shell:s0 key=(null)
audit(1772656581.545:286): proctitle="/data/local/tmp/phonet_pnpipe_exploit"
audit(1772656581.545:287): avc:  denied  { create } for  pid=7478 comm="phonet_pnpipe_e" scontext=u:r:shell:s0 tcontext=u:r:shell:s0 tclass=socket
audit(1772656581.545:287): arch=40000028 syscall=281 per=800000 success=no exit=-13 a0=23 a1=2 a2=fffffff7 a3=0 items=0 ppid=7477 pid=7478 auid=4294967295 uid=2000 gid=2000 euid=2000 suid=2000 fsuid=2000 egid=2000 sgid=2000 fsgid=2000 ses=4294967295 tty=pts0 comm="phonet_pnpipe_e" exe="/data/local/tmp/phonet_pnpipe_exploit" subj=u:r:shell:s0 key=(null)
audit(1772656581.545:287): proctitle="/data/local/tmp/phonet_pnpipe_exploit"
audit(1772656581.545:288): avc:  denied  { create } for  pid=7478 comm="phonet_pnpipe_e" scontext=u:r:shell:s0 tcontext=u:r:shell:s0 tclass=socket
audit(1772656581.545:288): arch=40000028 syscall=281 per=800000 success=no exit=-13 a0=23 a1=3 a2=fffffff7 a3=0 items=0 ppid=7477 pid=7478 auid=4294967295 uid=2000 gid=2000 euid=2000 suid=2000 fsuid=2000 egid=2000 sgid=2000 fsgid=2000 ses=4294967295 tty=pts0 comm="phonet_pnpipe_e" exe="/data/local/tmp/phonet_pnpipe_exploit" subj=u:r:shell:s0 key=(null)
audit(1772656581.545:288): proctitle="/data/local/tmp/phonet_pnpipe_exploit"
audit(1772656581.545:289): avc:  denied  { create } for  pid=7478 comm="phonet_pnpipe_e" scontext=u:r:shell:s0 tcontext=u:r:shell:s0 tclass=socket
audit(1772656581.545:289): arch=40000028 syscall=281 per=800000 success=no exit=-13 a0=23 a1=4 a2=fffffff7 a3=0 items=0 ppid=7477 pid=7478 auid=4294967295 uid=2000 gid=2000 euid=2000 suid=2000 fsuid=2000 egid=2000 sgid=2000 fsgid=2000 ses=4294967295 tty=pts0 comm="phonet_pnpipe_e" exe="/data/local/tmp/phonet_pnpipe_exploit" subj=u:r:shell:s0 key=(null)
audit(1772656581.545:289): proctitle="/data/local/tmp/phonet_pnpipe_exploit"
audit(1772656581.545:290): avc:  denied  { create } for  pid=7478 comm="phonet_pnpipe_e" scontext=u:r:shell:s0 tcontext=u:r:shell:s0 tclass=socket
audit(1772656581.545:290): arch=40000028 syscall=281 per=800000 success=no exit=-13 a0=23 a1=5 a2=fffffff7 a3=0 items=0 ppid=7477 pid=7478 auid=4294967295 uid=2000 gid=2000 euid=2000 suid=2000 fsuid=2000 egid=2000 sgid=2000 fsgid=2000 ses=4294967295 tty=pts0 comm="phonet_pnpipe_e" exe="/data/local/tmp/phonet_pnpipe_exploit" subj=u:r:shell:s0 key=(null)
audit(1772656581.545:290): proctitle="/data/local/tmp/phonet_pnpipe_exploit"
audit(1772656581.545:291): avc:  denied  { create } for  pid=7478 comm="phonet_pnpipe_e" scontext=u:r:shell:s0 tcontext=u:r:shell:s0 tclass=socket
audit(1772656581.545:291): arch=40000028 syscall=281 per=800000 success=no exit=-13 a0=23 a1=1 a2=fffffff8 a3=0 items=0 ppid=7477 pid=7478 auid=4294967295 uid=2000 gid=2000 euid=2000 suid=2000 fsuid=2000 egid=2000 sgid=2000 fsgid=2000 ses=4294967295 tty=pts0 comm="phonet_pnpipe_e" exe="/data/local/tmp/phonet_pnpipe_exploit" subj=u:r:shell:s0 key=(null)
audit(1772656581.545:291): proctitle="/data/local/tmp/phonet_pnpipe_exploit"
audit(1772656581.545:292): avc:  denied  { create } for  pid=7478 comm="phonet_pnpipe_e" scontext=u:r:shell:s0 tcontext=u:r:shell:s0 tclass=socket
audit(1772656581.545:292): arch=40000028 syscall=281 per=800000 success=no exit=-13 a0=23 a1=2 a2=fffffff8 a3=0 items=0 ppid=7477 pid=7478 auid=4294967295 uid=2000 gid=2000 euid=2000 suid=2000 fsuid=2000 egid=2000 sgid=2000 fsgid=2000 ses=4294967295 tty=pts0 comm="phonet_pnpipe_e" exe="/data/local/tmp/phonet_pnpipe_exploit" subj=u:r:shell:s0 key=(null)
audit(1772656581.545:292): proctitle="/data/local/tmp/phonet_pnpipe_exploit"
audit(1772656581.545:293): avc:  denied  { create } for  pid=7478 comm="phonet_pnpipe_e" scontext=u:r:shell:s0 tcontext=u:r:shell:s0 tclass=socket
audit(1772656581.545:293): arch=40000028 syscall=281 per=800000 success=no exit=-13 a0=23 a1=3 a2=fffffff8 a3=0 items=0 ppid=7477 pid=7478 auid=4294967295 uid=2000 gid=2000 euid=2000 suid=2000 fsuid=2000 egid=2000 sgid=2000 fsgid=2000 ses=4294967295 tty=pts0 comm="phonet_pnpipe_e" exe="/data/local/tmp/phonet_pnpipe_exploit" subj=u:r:shell:s0 key=(null)
audit(1772656581.545:293): proctitle="/data/local/tmp/phonet_pnpipe_exploit"
audit(1772656581.545:294): avc:  denied  { create } for  pid=7478 comm="phonet_pnpipe_e" scontext=u:r:shell:s0 tcontext=u:r:shell:s0 tclass=socket
audit(1772656581.545:294): arch=40000028 syscall=281 per=800000 success=no exit=-13 a0=23 a1=4 a2=fffffff8 a3=0 items=0 ppid=7477 pid=7478 auid=4294967295 uid=2000 gid=2000 euid=2000 suid=2000 fsuid=2000 egid=2000 sgid=2000 fsgid=2000 ses=4294967295 tty=pts0 comm="phonet_pnpipe_e" exe="/data/local/tmp/phonet_pnpipe_exploit" subj=u:r:shell:s0 key=(null)
audit(1772656581.545:294): proctitle="/data/local/tmp/phonet_pnpipe_exploit"
audit(1772656581.545:295): avc:  denied  { create } for  pid=7478 comm="phonet_pnpipe_e" scontext=u:r:shell:s0 tcontext=u:r:shell:s0 tclass=socket
audit(1772656581.545:295): arch=40000028 syscall=281 per=800000 success=no exit=-13 a0=23 a1=5 a2=fffffff8 a3=0 items=0 ppid=7477 pid=7478 auid=4294967295 uid=2000 gid=2000 euid=2000 suid=2000 fsuid=2000 egid=2000 sgid=2000 fsgid=2000 ses=4294967295 tty=pts0 comm="phonet_pnpipe_e" exe="/data/local/tmp/phonet_pnpipe_exploit" subj=u:r:shell:s0 key=(null)
audit(1772656581.545:295): proctitle="/data/local/tmp/phonet_pnpipe_exploit"
audit(1772656581.545:296): avc:  denied  { create } for  pid=7478 comm="phonet_pnpipe_e" scontext=u:r:shell:s0 tcontext=u:r:shell:s0 tclass=socket
audit(1772656581.545:296): arch=40000028 syscall=281 per=800000 success=no exit=-13 a0=23 a1=1 a2=fffffff9 a3=0 items=0 ppid=7477 pid=7478 auid=4294967295 uid=2000 gid=2000 euid=2000 suid=2000 fsuid=2000 egid=2000 sgid=2000 fsgid=2000 ses=4294967295 tty=pts0 comm="phonet_pnpipe_e" exe="/data/local/tmp/phonet_pnpipe_exploit" subj=u:r:shell:s0 key=(null)
audit(1772656581.545:296): proctitle="/data/local/tmp/phonet_pnpipe_exploit"
audit(1772656581.545:297): avc:  denied  { create } for  pid=7478 comm="phonet_pnpipe_e" scontext=u:r:shell:s0 tcontext=u:r:shell:s0 tclass=socket
audit(1772656581.545:297): arch=40000028 syscall=281 per=800000 success=no exit=-13 a0=23 a1=2 a2=fffffff9 a3=0 items=0 ppid=7477 pid=7478 auid=4294967295 uid=2000 gid=2000 euid=2000 suid=2000 fsuid=2000 egid=2000 sgid=2000 fsgid=2000 ses=4294967295 tty=pts0 comm="phonet_pnpipe_e" exe="/data/local/tmp/phonet_pnpipe_exploit" subj=u:r:shell:s0 key=(null)
audit(1772656581.545:297): proctitle="/data/local/tmp/phonet_pnpipe_exploit"
audit(1772656581.545:298): avc:  denied  { create } for  pid=7478 comm="phonet_pnpipe_e" scontext=u:r:shell:s0 tcontext=u:r:shell:s0 tclass=socket
audit(1772656581.545:298): arch=40000028 syscall=281 per=800000 success=no exit=-13 a0=23 a1=3 a2=fffffff9 a3=0 items=0 ppid=7477 pid=7478 auid=4294967295 uid=2000 gid=2000 euid=2000 suid=2000 fsuid=2000 egid=2000 sgid=2000 fsgid=2000 ses=4294967295 tty=pts0 comm="phonet_pnpipe_e" exe="/data/local/tmp/phonet_pnpipe_exploit" subj=u:r:shell:s0 key=(null)
audit(1772656581.545:298): proctitle="/data/local/tmp/phonet_pnpipe_exploit"
audit(1772656581.545:299): avc:  denied  { create } for  pid=7478 comm="phonet_pnpipe_e" scontext=u:r:shell:s0 tcontext=u:r:shell:s0 tclass=socket
audit(1772656581.545:299): arch=40000028 syscall=281 per=800000 success=no exit=-13 a0=23 a1=4 a2=fffffff9 a3=0 items=0 ppid=7477 pid=7478 auid=4294967295 uid=2000 gid=2000 euid=2000 suid=2000 fsuid=2000 egid=2000 sgid=2000 fsgid=2000 ses=4294967295 tty=pts0 comm="phonet_pnpipe_e" exe="/data/local/tmp/phonet_pnpipe_exploit" subj=u:r:shell:s0 key=(null)
audit(1772656581.545:299): proctitle="/data/local/tmp/phonet_pnpipe_exploit"
audit(1772656581.545:300): avc:  denied  { create } for  pid=7478 comm="phonet_pnpipe_e" scontext=u:r:shell:s0 tcontext=u:r:shell:s0 tclass=socket
audit(1772656581.545:300): arch=40000028 syscall=281 per=800000 success=no exit=-13 a0=23 a1=5 a2=fffffff9 a3=0 items=0 ppid=7477 pid=7478 auid=4294967295 uid=2000 gid=2000 euid=2000 suid=2000 fsuid=2000 egid=2000 sgid=2000 fsgid=2000 ses=4294967295 tty=pts0 comm="phonet_pnpipe_e" exe="/data/local/tmp/phonet_pnpipe_exploit" subj=u:r:shell:s0 key=(null)
audit(1772656581.545:300): proctitle="/data/local/tmp/phonet_pnpipe_exploit"
audit(1772656581.545:301): avc:  denied  { create } for  pid=7478 comm="phonet_pnpipe_e" scontext=u:r:shell:s0 tcontext=u:r:shell:s0 tclass=socket
audit(1772656581.545:301): arch=40000028 syscall=281 per=800000 success=no exit=-13 a0=23 a1=1 a2=fffffffa a3=0 items=0 ppid=7477 pid=7478 auid=4294967295 uid=2000 gid=2000 euid=2000 suid=2000 fsuid=2000 egid=2000 sgid=2000 fsgid=2000 ses=4294967295 tty=pts0 comm="phonet_pnpipe_e" exe="/data/local/tmp/phonet_pnpipe_exploit" subj=u:r:shell:s0 key=(null)
audit(1772656581.545:301): proctitle="/data/local/tmp/phonet_pnpipe_exploit"
audit(1772656581.545:302): avc:  denied  { create } for  pid=7478 comm="phonet_pnpipe_e" scontext=u:r:shell:s0 tcontext=u:r:shell:s0 tclass=socket
audit(1772656581.545:302): arch=40000028 syscall=281 per=800000 success=no exit=-13 a0=23 a1=2 a2=fffffffa a3=0 items=0 ppid=7477 pid=7478 auid=4294967295 uid=2000 gid=2000 euid=2000 suid=2000 fsuid=2000 egid=2000 sgid=2000 fsgid=2000 ses=4294967295 tty=pts0 comm="phonet_pnpipe_e" exe="/data/local/tmp/phonet_pnpipe_exploit" subj=u:r:shell:s0 key=(null)
audit(1772656581.545:302): proctitle="/data/local/tmp/phonet_pnpipe_exploit"
audit(1772656581.545:303): avc:  denied  { create } for  pid=7478 comm="phonet_pnpipe_e" scontext=u:r:shell:s0 tcontext=u:r:shell:s0 tclass=socket
audit(1772656581.545:303): arch=40000028 syscall=281 per=800000 success=no exit=-13 a0=23 a1=3 a2=fffffffa a3=0 items=0 ppid=7477 pid=7478 auid=4294967295 uid=2000 gid=2000 euid=2000 suid=2000 fsuid=2000 egid=2000 sgid=2000 fsgid=2000 ses=4294967295 tty=pts0 comm="phonet_pnpipe_e" exe="/data/local/tmp/phonet_pnpipe_exploit" subj=u:r:shell:s0 key=(null)
audit(1772656581.545:303): proctitle="/data/local/tmp/phonet_pnpipe_exploit"
audit(1772656581.545:304): avc:  denied  { create } for  pid=7478 comm="phonet_pnpipe_e" scontext=u:r:shell:s0 tcontext=u:r:shell:s0 tclass=socket
audit(1772656581.545:304): arch=40000028 syscall=281 per=800000 success=no exit=-13 a0=23 a1=4 a2=fffffffa a3=0 items=0 ppid=7477 pid=7478 auid=4294967295 uid=2000 gid=2000 euid=2000 suid=2000 fsuid=2000 egid=2000 sgid=2000 fsgid=2000 ses=4294967295 tty=pts0 comm="phonet_pnpipe_e" exe="/data/local/tmp/phonet_pnpipe_exploit" subj=u:r:shell:s0 key=(null)
audit(1772656581.545:304): proctitle="/data/local/tmp/phonet_pnpipe_exploit"
audit(1772656581.545:305): avc:  denied  { create } for  pid=7478 comm="phonet_pnpipe_e" scontext=u:r:shell:s0 tcontext=u:r:shell:s0 tclass=socket
audit(1772656581.545:305): arch=40000028 syscall=281 per=800000 success=no exit=-13 a0=23 a1=5 a2=fffffffa a3=0 items=0 ppid=7477 pid=7478 auid=4294967295 uid=2000 gid=2000 euid=2000 suid=2000 fsuid=2000 egid=2000 sgid=2000 fsgid=2000 ses=4294967295 tty=pts0 comm="phonet_pnpipe_e" exe="/data/local/tmp/phonet_pnpipe_exploit" subj=u:r:shell:s0 key=(null)
audit(1772656581.545:305): proctitle="/data/local/tmp/phonet_pnpipe_exploit"
audit(1772656581.545:306): avc:  denied  { create } for  pid=7478 comm="phonet_pnpipe_e" scontext=u:r:shell:s0 tcontext=u:r:shell:s0 tclass=socket
audit(1772656581.545:306): arch=40000028 syscall=281 per=800000 success=no exit=-13 a0=23 a1=1 a2=fffffffb a3=0 items=0 ppid=7477 pid=7478 auid=4294967295 uid=2000 gid=2000 euid=2000 suid=2000 fsuid=2000 egid=2000 sgid=2000 fsgid=2000 ses=4294967295 tty=pts0 comm="phonet_pnpipe_e" exe="/data/local/tmp/phonet_pnpipe_exploit" subj=u:r:shell:s0 key=(null)
audit(1772656581.545:306): proctitle="/data/local/tmp/phonet_pnpipe_exploit"
audit(1772656581.545:307): avc:  denied  { create } for  pid=7478 comm="phonet_pnpipe_e" scontext=u:r:shell:s0 tcontext=u:r:shell:s0 tclass=socket
audit(1772656581.545:307): arch=40000028 syscall=281 per=800000 success=no exit=-13 a0=23 a1=2 a2=fffffffb a3=0 items=0 ppid=7477 pid=7478 auid=4294967295 uid=2000 gid=2000 euid=2000 suid=2000 fsuid=2000 egid=2000 sgid=2000 fsgid=2000 ses=4294967295 tty=pts0 comm="phonet_pnpipe_e" exe="/data/local/tmp/phonet_pnpipe_exploit" subj=u:r:shell:s0 key=(null)
audit(1772656581.545:307): proctitle="/data/local/tmp/phonet_pnpipe_exploit"
audit(1772656581.545:308): avc:  denied  { create } for  pid=7478 comm="phonet_pnpipe_e" scontext=u:r:shell:s0 tcontext=u:r:shell:s0 tclass=socket
audit(1772656581.545:308): arch=40000028 syscall=281 per=800000 success=no exit=-13 a0=23 a1=3 a2=fffffffb a3=0 items=0 ppid=7477 pid=7478 auid=4294967295 uid=2000 gid=2000 euid=2000 suid=2000 fsuid=2000 egid=2000 sgid=2000 fsgid=2000 ses=4294967295 tty=pts0 comm="phonet_pnpipe_e" exe="/data/local/tmp/phonet_pnpipe_exploit" subj=u:r:shell:s0 key=(null)
audit(1772656581.545:308): proctitle="/data/local/tmp/phonet_pnpipe_exploit"
audit(1772656581.545:309): avc:  denied  { create } for  pid=7478 comm="phonet_pnpipe_e" scontext=u:r:shell:s0 tcontext=u:r:shell:s0 tclass=socket
audit(1772656581.545:309): arch=40000028 syscall=281 per=800000 success=no exit=-13 a0=23 a1=4 a2=fffffffb a3=0 items=0 ppid=7477 pid=7478 auid=4294967295 uid=2000 gid=2000 euid=2000 suid=2000 fsuid=2000 egid=2000 sgid=2000 fsgid=2000 ses=4294967295 tty=pts0 comm="phonet_pnpipe_e" exe="/data/local/tmp/phonet_pnpipe_exploit" subj=u:r:shell:s0 key=(null)
audit(1772656581.545:309): proctitle="/data/local/tmp/phonet_pnpipe_exploit"
audit(1772656581.545:310): avc:  denied  { create } for  pid=7478 comm="phonet_pnpipe_e" scontext=u:r:shell:s0 tcontext=u:r:shell:s0 tclass=socket
audit(1772656581.545:310): arch=40000028 syscall=281 per=800000 success=no exit=-13 a0=23 a1=5 a2=fffffffb a3=0 items=0 ppid=7477 pid=7478 auid=4294967295 uid=2000 gid=2000 euid=2000 suid=2000 fsuid=2000 egid=2000 sgid=2000 fsgid=2000 ses=4294967295 tty=pts0 comm="phonet_pnpipe_e" exe="/data/local/tmp/phonet_pnpipe_exploit" subj=u:r:shell:s0 key=(null)
audit(1772656581.545:310): proctitle="/data/local/tmp/phonet_pnpipe_exploit"
audit(1772656581.545:311): avc:  denied  { create } for  pid=7478 comm="phonet_pnpipe_e" scontext=u:r:shell:s0 tcontext=u:r:shell:s0 tclass=socket
audit(1772656581.545:311): arch=40000028 syscall=281 per=800000 success=no exit=-13 a0=23 a1=1 a2=fffffffc a3=0 items=0 ppid=7477 pid=7478 auid=4294967295 uid=2000 gid=2000 euid=2000 suid=2000 fsuid=2000 egid=2000 sgid=2000 fsgid=2000 ses=4294967295 tty=pts0 comm="phonet_pnpipe_e" exe="/data/local/tmp/phonet_pnpipe_exploit" subj=u:r:shell:s0 key=(null)
audit(1772656581.545:311): proctitle="/data/local/tmp/phonet_pnpipe_exploit"
audit(1772656581.545:312): avc:  denied  { create } for  pid=7478 comm="phonet_pnpipe_e" scontext=u:r:shell:s0 tcontext=u:r:shell:s0 tclass=socket
audit(1772656581.545:312): arch=40000028 syscall=281 per=800000 success=no exit=-13 a0=23 a1=2 a2=fffffffc a3=0 items=0 ppid=7477 pid=7478 auid=4294967295 uid=2000 gid=2000 euid=2000 suid=2000 fsuid=2000 egid=2000 sgid=2000 fsgid=2000 ses=4294967295 tty=pts0 comm="phonet_pnpipe_e" exe="/data/local/tmp/phonet_pnpipe_exploit" subj=u:r:shell:s0 key=(null)
audit(1772656581.545:312): proctitle="/data/local/tmp/phonet_pnpipe_exploit"
audit(1772656581.545:313): avc:  denied  { create } for  pid=7478 comm="phonet_pnpipe_e" scontext=u:r:shell:s0 tcontext=u:r:shell:s0 tclass=socket
audit(1772656581.545:313): arch=40000028 syscall=281 per=800000 success=no exit=-13 a0=23 a1=3 a2=fffffffc a3=0 items=0 ppid=7477 pid=7478 auid=4294967295 uid=2000 gid=2000 euid=2000 suid=2000 fsuid=2000 egid=2000 sgid=2000 fsgid=2000 ses=4294967295 tty=pts0 comm="phonet_pnpipe_e" exe="/data/local/tmp/phonet_pnpipe_exploit" subj=u:r:shell:s0 key=(null)
audit(1772656581.545:313): proctitle="/data/local/tmp/phonet_pnpipe_exploit"
audit(1772656581.545:314): avc:  denied  { create } for  pid=7478 comm="phonet_pnpipe_e" scontext=u:r:shell:s0 tcontext=u:r:shell:s0 tclass=socket
audit(1772656581.545:314): arch=40000028 syscall=281 per=800000 success=no exit=-13 a0=23 a1=4 a2=fffffffc a3=0 items=0 ppid=7477 pid=7478 auid=4294967295 uid=2000 gid=2000 euid=2000 suid=2000 fsuid=2000 egid=2000 sgid=2000 fsgid=2000 ses=4294967295 tty=pts0 comm="phonet_pnpipe_e" exe="/data/local/tmp/phonet_pnpipe_exploit" subj=u:r:shell:s0 key=(null)
audit(1772656581.545:314): proctitle="/data/local/tmp/phonet_pnpipe_exploit"
audit(1772656581.545:315): avc:  denied  { create } for  pid=7478 comm="phonet_pnpipe_e" scontext=u:r:shell:s0 tcontext=u:r:shell:s0 tclass=socket
audit(1772656581.545:315): arch=40000028 syscall=281 per=800000 success=no exit=-13 a0=23 a1=5 a2=fffffffc a3=0 items=0 ppid=7477 pid=7478 auid=4294967295 uid=2000 gid=2000 euid=2000 suid=2000 fsuid=2000 egid=2000 sgid=2000 fsgid=2000 ses=4294967295 tty=pts0 comm="phonet_pnpipe_e" exe="/data/local/tmp/phonet_pnpipe_exploit" subj=u:r:shell:s0 key=(null)
audit(1772656581.545:315): proctitle="/data/local/tmp/phonet_pnpipe_exploit"
audit(1772656581.545:316): avc:  denied  { create } for  pid=7478 comm="phonet_pnpipe_e" scontext=u:r:shell:s0 tcontext=u:r:shell:s0 tclass=socket
audit(1772656581.545:316): arch=40000028 syscall=281 per=800000 success=no exit=-13 a0=23 a1=1 a2=fffffffd a3=0 items=0 ppid=7477 pid=7478 auid=4294967295 uid=2000 gid=2000 euid=2000 suid=2000 fsuid=2000 egid=2000 sgid=2000 fsgid=2000 ses=4294967295 tty=pts0 comm="phonet_pnpipe_e" exe="/data/local/tmp/phonet_pnpipe_exploit" subj=u:r:shell:s0 key=(null)
audit(1772656581.545:316): proctitle="/data/local/tmp/phonet_pnpipe_exploit"
audit(1772656581.545:317): avc:  denied  { create } for  pid=7478 comm="phonet_pnpipe_e" scontext=u:r:shell:s0 tcontext=u:r:shell:s0 tclass=socket
audit(1772656581.545:317): arch=40000028 syscall=281 per=800000 success=no exit=-13 a0=23 a1=2 a2=fffffffd a3=0 items=0 ppid=7477 pid=7478 auid=4294967295 uid=2000 gid=2000 euid=2000 suid=2000 fsuid=2000 egid=2000 sgid=2000 fsgid=2000 ses=4294967295 tty=pts0 comm="phonet_pnpipe_e" exe="/data/local/tmp/phonet_pnpipe_exploit" subj=u:r:shell:s0 key=(null)
audit(1772656581.545:317): proctitle="/data/local/tmp/phonet_pnpipe_exploit"
audit(1772656581.545:318): avc:  denied  { create } for  pid=7478 comm="phonet_pnpipe_e" scontext=u:r:shell:s0 tcontext=u:r:shell:s0 tclass=socket
audit(1772656581.545:318): arch=40000028 syscall=281 per=800000 success=no exit=-13 a0=23 a1=3 a2=fffffffd a3=0 items=0 ppid=7477 pid=7478 auid=4294967295 uid=2000 gid=2000 euid=2000 suid=2000 fsuid=2000 egid=2000 sgid=2000 fsgid=2000 ses=4294967295 tty=pts0 comm="phonet_pnpipe_e" exe="/data/local/tmp/phonet_pnpipe_exploit" subj=u:r:shell:s0 key=(null)
audit(1772656581.545:318): proctitle="/data/local/tmp/phonet_pnpipe_exploit"
audit(1772656581.545:319): avc:  denied  { create } for  pid=7478 comm="phonet_pnpipe_e" scontext=u:r:shell:s0 tcontext=u:r:shell:s0 tclass=socket
audit(1772656581.545:319): arch=40000028 syscall=281 per=800000 success=no exit=-13 a0=23 a1=4 a2=fffffffd a3=0 items=0 ppid=7477 pid=7478 auid=4294967295 uid=2000 gid=2000 euid=2000 suid=2000 fsuid=2000 egid=2000 sgid=2000 fsgid=2000 ses=4294967295 tty=pts0 comm="phonet_pnpipe_e" exe="/data/local/tmp/phonet_pnpipe_exploit" subj=u:r:shell:s0 key=(null)
audit(1772656581.545:319): proctitle="/data/local/tmp/phonet_pnpipe_exploit"
audit(1772656581.545:320): avc:  denied  { create } for  pid=7478 comm="phonet_pnpipe_e" scontext=u:r:shell:s0 tcontext=u:r:shell:s0 tclass=socket
audit(1772656581.545:320): arch=40000028 syscall=281 per=800000 success=no exit=-13 a0=23 a1=5 a2=fffffffd a3=0 items=0 ppid=7477 pid=7478 auid=4294967295 uid=2000 gid=2000 euid=2000 suid=2000 fsuid=2000 egid=2000 sgid=2000 fsgid=2000 ses=4294967295 tty=pts0 comm="phonet_pnpipe_e" exe="/data/local/tmp/phonet_pnpipe_exploit" subj=u:r:shell:s0 key=(null)
audit(1772656581.545:320): proctitle="/data/local/tmp/phonet_pnpipe_exploit"
audit(1772656581.545:321): avc:  denied  { create } for  pid=7478 comm="phonet_pnpipe_e" scontext=u:r:shell:s0 tcontext=u:r:shell:s0 tclass=socket
audit(1772656581.545:321): arch=40000028 syscall=281 per=800000 success=no exit=-13 a0=23 a1=1 a2=fffffffe a3=0 items=0 ppid=7477 pid=7478 auid=4294967295 uid=2000 gid=2000 euid=2000 suid=2000 fsuid=2000 egid=2000 sgid=2000 fsgid=2000 ses=4294967295 tty=pts0 comm="phonet_pnpipe_e" exe="/data/local/tmp/phonet_pnpipe_exploit" subj=u:r:shell:s0 key=(null)
audit(1772656581.545:321): proctitle="/data/local/tmp/phonet_pnpipe_exploit"
audit(1772656581.545:322): avc:  denied  { create } for  pid=7478 comm="phonet_pnpipe_e" scontext=u:r:shell:s0 tcontext=u:r:shell:s0 tclass=socket
audit(1772656581.545:322): arch=40000028 syscall=281 per=800000 success=no exit=-13 a0=23 a1=2 a2=fffffffe a3=0 items=0 ppid=7477 pid=7478 auid=4294967295 uid=2000 gid=2000 euid=2000 suid=2000 fsuid=2000 egid=2000 sgid=2000 fsgid=2000 ses=4294967295 tty=pts0 comm="phonet_pnpipe_e" exe="/data/local/tmp/phonet_pnpipe_exploit" subj=u:r:shell:s0 key=(null)
audit(1772656581.545:322): proctitle="/data/local/tmp/phonet_pnpipe_exploit"
audit(1772656581.545:323): avc:  denied  { create } for  pid=7478 comm="phonet_pnpipe_e" scontext=u:r:shell:s0 tcontext=u:r:shell:s0 tclass=socket
audit(1772656581.545:323): arch=40000028 syscall=281 per=800000 success=no exit=-13 a0=23 a1=3 a2=fffffffe a3=0 items=0 ppid=7477 pid=7478 auid=4294967295 uid=2000 gid=2000 euid=2000 suid=2000 fsuid=2000 egid=2000 sgid=2000 fsgid=2000 ses=4294967295 tty=pts0 comm="phonet_pnpipe_e" exe="/data/local/tmp/phonet_pnpipe_exploit" subj=u:r:shell:s0 key=(null)
audit(1772656581.545:323): proctitle="/data/local/tmp/phonet_pnpipe_exploit"
audit(1772656581.545:324): avc:  denied  { create } for  pid=7478 comm="phonet_pnpipe_e" scontext=u:r:shell:s0 tcontext=u:r:shell:s0 tclass=socket
audit(1772656581.545:324): arch=40000028 syscall=281 per=800000 success=no exit=-13 a0=23 a1=4 a2=fffffffe a3=0 items=0 ppid=7477 pid=7478 auid=4294967295 uid=2000 gid=2000 euid=2000 suid=2000 fsuid=2000 egid=2000 sgid=2000 fsgid=2000 ses=4294967295 tty=pts0 comm="phonet_pnpipe_e" exe="/data/local/tmp/phonet_pnpipe_exploit" subj=u:r:shell:s0 key=(null)
audit(1772656581.545:324): proctitle="/data/local/tmp/phonet_pnpipe_exploit"
audit(1772656581.545:325): avc:  denied  { create } for  pid=7478 comm="phonet_pnpipe_e" scontext=u:r:shell:s0 tcontext=u:r:shell:s0 tclass=socket
audit(1772656581.545:325): arch=40000028 syscall=281 per=800000 success=no exit=-13 a0=23 a1=5 a2=fffffffe a3=0 items=0 ppid=7477 pid=7478 auid=4294967295 uid=2000 gid=2000 euid=2000 suid=2000 fsuid=2000 egid=2000 sgid=2000 fsgid=2000 ses=4294967295 tty=pts0 comm="phonet_pnpipe_e" exe="/data/local/tmp/phonet_pnpipe_exploit" subj=u:r:shell:s0 key=(null)
audit(1772656581.545:325): proctitle="/data/local/tmp/phonet_pnpipe_exploit"
audit(1772656581.545:326): avc:  denied  { create } for  pid=7478 comm="phonet_pnpipe_e" scontext=u:r:shell:s0 tcontext=u:r:shell:s0 tclass=socket
audit(1772656581.545:326): arch=40000028 syscall=281 per=800000 success=no exit=-13 a0=23 a1=1 a2=ffffffff a3=0 items=0 ppid=7477 pid=7478 auid=4294967295 uid=2000 gid=2000 euid=2000 suid=2000 fsuid=2000 egid=2000 sgid=2000 fsgid=2000 ses=4294967295 tty=pts0 comm="phonet_pnpipe_e" exe="/data/local/tmp/phonet_pnpipe_exploit" subj=u:r:shell:s0 key=(null)
audit(1772656581.545:326): proctitle="/data/local/tmp/phonet_pnpipe_exploit"
audit(1772656581.550:327): avc:  denied  { create } for  pid=7478 comm="phonet_pnpipe_e" scontext=u:r:shell:s0 tcontext=u:r:shell:s0 tclass=socket
audit(1772656581.550:327): arch=40000028 syscall=281 per=800000 success=no exit=-13 a0=23 a1=2 a2=ffffffff a3=0 items=0 ppid=7477 pid=7478 auid=4294967295 uid=2000 gid=2000 euid=2000 suid=2000 fsuid=2000 egid=2000 sgid=2000 fsgid=2000 ses=4294967295 tty=pts0 comm="phonet_pnpipe_e" exe="/data/local/tmp/phonet_pnpipe_exploit" subj=u:r:shell:s0 key=(null)
audit(1772656581.550:327): proctitle="/data/local/tmp/phonet_pnpipe_exploit"
audit(1772656581.550:328): avc:  denied  { create } for  pid=7478 comm="phonet_pnpipe_e" scontext=u:r:shell:s0 tcontext=u:r:shell:s0 tclass=socket
audit(1772656581.550:328): arch=40000028 syscall=281 per=800000 success=no exit=-13 a0=23 a1=3 a2=ffffffff a3=0 items=0 ppid=7477 pid=7478 auid=4294967295 uid=2000 gid=2000 euid=2000 suid=2000 fsuid=2000 egid=2000 sgid=2000 fsgid=2000 ses=4294967295 tty=pts0 comm="phonet_pnpipe_e" exe="/data/local/tmp/phonet_pnpipe_exploit" subj=u:r:shell:s0 key=(null)
audit(1772656581.550:328): proctitle="/data/local/tmp/phonet_pnpipe_exploit"
audit(1772656581.550:329): avc:  denied  { create } for  pid=7478 comm="phonet_pnpipe_e" scontext=u:r:shell:s0 tcontext=u:r:shell:s0 tclass=socket
audit(1772656581.550:329): arch=40000028 syscall=281 per=800000 success=no exit=-13 a0=23 a1=4 a2=ffffffff a3=0 items=0 ppid=7477 pid=7478 auid=4294967295 uid=2000 gid=2000 euid=2000 suid=2000 fsuid=2000 egid=2000 sgid=2000 fsgid=2000 ses=4294967295 tty=pts0 comm="phonet_pnpipe_e" exe="/data/local/tmp/phonet_pnpipe_exploit" subj=u:r:shell:s0 key=(null)
audit(1772656581.550:329): proctitle="/data/local/tmp/phonet_pnpipe_exploit"
audit(1772656581.550:330): avc:  denied  { create } for  pid=7478 comm="phonet_pnpipe_e" scontext=u:r:shell:s0 tcontext=u:r:shell:s0 tclass=socket
audit(1772656581.550:330): arch=40000028 syscall=281 per=800000 success=no exit=-13 a0=23 a1=5 a2=ffffffff a3=0 items=0 ppid=7477 pid=7478 auid=4294967295 uid=2000 gid=2000 euid=2000 suid=2000 fsuid=2000 egid=2000 sgid=2000 fsgid=2000 ses=4294967295 tty=pts0 comm="phonet_pnpipe_e" exe="/data/local/tmp/phonet_pnpipe_exploit" subj=u:r:shell:s0 key=(null)
audit(1772656581.550:330): proctitle="/data/local/tmp/phonet_pnpipe_exploit"
audit(1772656581.550:331): avc:  denied  { create } for  pid=7478 comm="phonet_pnpipe_e" scontext=u:r:shell:s0 tcontext=u:r:shell:s0 tclass=socket
audit(1772656581.550:331): arch=40000028 syscall=281 per=800000 success=no exit=-13 a0=23 a1=1 a2=0 a3=0 items=0 ppid=7477 pid=7478 auid=4294967295 uid=2000 gid=2000 euid=2000 suid=2000 fsuid=2000 egid=2000 sgid=2000 fsgid=2000 ses=4294967295 tty=pts0 comm="phonet_pnpipe_e" exe="/data/local/tmp/phonet_pnpipe_exploit" subj=u:r:shell:s0 key=(null)
audit(1772656581.550:331): proctitle="/data/local/tmp/phonet_pnpipe_exploit"
audit(1772656581.550:332): avc:  denied  { create } for  pid=7478 comm="phonet_pnpipe_e" scontext=u:r:shell:s0 tcontext=u:r:shell:s0 tclass=socket
audit(1772656581.550:332): arch=40000028 syscall=281 per=800000 success=no exit=-13 a0=23 a1=2 a2=0 a3=0 items=0 ppid=7477 pid=7478 auid=4294967295 uid=2000 gid=2000 euid=2000 suid=2000 fsuid=2000 egid=2000 sgid=2000 fsgid=2000 ses=4294967295 tty=pts0 comm="phonet_pnpipe_e" exe="/data/local/tmp/phonet_pnpipe_exploit" subj=u:r:shell:s0 key=(null)
audit(1772656581.550:332): proctitle="/data/local/tmp/phonet_pnpipe_exploit"
audit(1772656581.550:333): avc:  denied  { create } for  pid=7478 comm="phonet_pnpipe_e" scontext=u:r:shell:s0 tcontext=u:r:shell:s0 tclass=socket
audit(1772656581.550:333): arch=40000028 syscall=281 per=800000 success=no exit=-13 a0=23 a1=3 a2=0 a3=0 items=0 ppid=7477 pid=7478 auid=4294967295 uid=2000 gid=2000 euid=2000 suid=2000 fsuid=2000 egid=2000 sgid=2000 fsgid=2000 ses=4294967295 tty=pts0 comm="phonet_pnpipe_e" exe="/data/local/tmp/phonet_pnpipe_exploit" subj=u:r:shell:s0 key=(null)
audit(1772656581.550:333): proctitle="/data/local/tmp/phonet_pnpipe_exploit"
audit(1772656581.550:334): avc:  denied  { create } for  pid=7478 comm="phonet_pnpipe_e" scontext=u:r:shell:s0 tcontext=u:r:shell:s0 tclass=socket
audit(1772656581.550:334): arch=40000028 syscall=281 per=800000 success=no exit=-13 a0=23 a1=4 a2=0 a3=0 items=0 ppid=7477 pid=7478 auid=4294967295 uid=2000 gid=2000 euid=2000 suid=2000 fsuid=2000 egid=2000 sgid=2000 fsgid=2000 ses=4294967295 tty=pts0 comm="phonet_pnpipe_e" exe="/data/local/tmp/phonet_pnpipe_exploit" subj=u:r:shell:s0 key=(null)
audit(1772656581.550:334): proctitle="/data/local/tmp/phonet_pnpipe_exploit"
audit(1772656581.550:335): avc:  denied  { create } for  pid=7478 comm="phonet_pnpipe_e" scontext=u:r:shell:s0 tcontext=u:r:shell:s0 tclass=socket
audit(1772656581.550:335): arch=40000028 syscall=281 per=800000 success=no exit=-13 a0=23 a1=5 a2=0 a3=0 items=0 ppid=7477 pid=7478 auid=4294967295 uid=2000 gid=2000 euid=2000 suid=2000 fsuid=2000 egid=2000 sgid=2000 fsgid=2000 ses=4294967295 tty=pts0 comm="phonet_pnpipe_e" exe="/data/local/tmp/phonet_pnpipe_exploit" subj=u:r:shell:s0 key=(null)
audit(1772656581.550:335): proctitle="/data/local/tmp/phonet_pnpipe_exploit"
audit(1772656581.550:336): avc:  denied  { create } for  pid=7478 comm="phonet_pnpipe_e" scontext=u:r:shell:s0 tcontext=u:r:shell:s0 tclass=socket
audit(1772656581.550:336): arch=40000028 syscall=281 per=800000 success=no exit=-13 a0=18 a1=1 a2=fffffff6 a3=0 items=0 ppid=7477 pid=7478 auid=4294967295 uid=2000 gid=2000 euid=2000 suid=2000 fsuid=2000 egid=2000 sgid=2000 fsgid=2000 ses=4294967295 tty=pts0 comm="phonet_pnpipe_e" exe="/data/local/tmp/phonet_pnpipe_exploit" subj=u:r:shell:s0 key=(null)
audit(1772656581.550:336): proctitle="/data/local/tmp/phonet_pnpipe_exploit"
audit(1772656581.550:337): avc:  denied  { create } for  pid=7478 comm="phonet_pnpipe_e" scontext=u:r:shell:s0 tcontext=u:r:shell:s0 tclass=socket
audit(1772656581.550:337): arch=40000028 syscall=281 per=800000 success=no exit=-13 a0=18 a1=2 a2=fffffff6 a3=0 items=0 ppid=7477 pid=7478 auid=4294967295 uid=2000 gid=2000 euid=2000 suid=2000 fsuid=2000 egid=2000 sgid=2000 fsgid=2000 ses=4294967295 tty=pts0 comm="phonet_pnpipe_e" exe="/data/local/tmp/phonet_pnpipe_exploit" subj=u:r:shell:s0 key=(null)
audit(1772656581.550:337): proctitle="/data/local/tmp/phonet_pnpipe_exploit"
audit(1772656581.550:338): avc:  denied  { create } for  pid=7478 comm="phonet_pnpipe_e" scontext=u:r:shell:s0 tcontext=u:r:shell:s0 tclass=socket
audit(1772656581.550:338): arch=40000028 syscall=281 per=800000 success=no exit=-13 a0=18 a1=3 a2=fffffff6 a3=0 items=0 ppid=7477 pid=7478 auid=4294967295 uid=2000 gid=2000 euid=2000 suid=2000 fsuid=2000 egid=2000 sgid=2000 fsgid=2000 ses=4294967295 tty=pts0 comm="phonet_pnpipe_e" exe="/data/local/tmp/phonet_pnpipe_exploit" subj=u:r:shell:s0 key=(null)
audit(1772656581.550:338): proctitle="/data/local/tmp/phonet_pnpipe_exploit"
audit(1772656581.550:339): avc:  denied  { create } for  pid=7478 comm="phonet_pnpipe_e" scontext=u:r:shell:s0 tcontext=u:r:shell:s0 tclass=socket
audit(1772656581.550:339): arch=40000028 syscall=281 per=800000 success=no exit=-13 a0=18 a1=4 a2=fffffff6 a3=0 items=0 ppid=7477 pid=7478 auid=4294967295 uid=2000 gid=2000 euid=2000 suid=2000 fsuid=2000 egid=2000 sgid=2000 fsgid=2000 ses=4294967295 tty=pts0 comm="phonet_pnpipe_e" exe="/data/local/tmp/phonet_pnpipe_exploit" subj=u:r:shell:s0 key=(null)
audit(1772656581.550:339): proctitle="/data/local/tmp/phonet_pnpipe_exploit"
audit(1772656581.550:340): avc:  denied  { create } for  pid=7478 comm="phonet_pnpipe_e" scontext=u:r:shell:s0 tcontext=u:r:shell:s0 tclass=socket
audit(1772656581.550:340): arch=40000028 syscall=281 per=800000 success=no exit=-13 a0=18 a1=5 a2=fffffff6 a3=0 items=0 ppid=7477 pid=7478 auid=4294967295 uid=2000 gid=2000 euid=2000 suid=2000 fsuid=2000 egid=2000 sgid=2000 fsgid=2000 ses=4294967295 tty=pts0 comm="phonet_pnpipe_e" exe="/data/local/tmp/phonet_pnpipe_exploit" subj=u:r:shell:s0 key=(null)
audit(1772656581.550:340): proctitle="/data/local/tmp/phonet_pnpipe_exploit"
audit(1772656581.555:341): avc:  denied  { create } for  pid=7478 comm="phonet_pnpipe_e" scontext=u:r:shell:s0 tcontext=u:r:shell:s0 tclass=socket
audit(1772656581.555:341): arch=40000028 syscall=281 per=800000 success=no exit=-13 a0=18 a1=1 a2=fffffff7 a3=0 items=0 ppid=7477 pid=7478 auid=4294967295 uid=2000 gid=2000 euid=2000 suid=2000 fsuid=2000 egid=2000 sgid=2000 fsgid=2000 ses=4294967295 tty=pts0 comm="phonet_pnpipe_e" exe="/data/local/tmp/phonet_pnpipe_exploit" subj=u:r:shell:s0 key=(null)
audit(1772656581.555:341): proctitle="/data/local/tmp/phonet_pnpipe_exploit"
audit(1772656581.555:342): avc:  denied  { create } for  pid=7478 comm="phonet_pnpipe_e" scontext=u:r:shell:s0 tcontext=u:r:shell:s0 tclass=socket
audit(1772656581.555:342): arch=40000028 syscall=281 per=800000 success=no exit=-13 a0=18 a1=2 a2=fffffff7 a3=0 items=0 ppid=7477 pid=7478 auid=4294967295 uid=2000 gid=2000 euid=2000 suid=2000 fsuid=2000 egid=2000 sgid=2000 fsgid=2000 ses=4294967295 tty=pts0 comm="phonet_pnpipe_e" exe="/data/local/tmp/phonet_pnpipe_exploit" subj=u:r:shell:s0 key=(null)
audit(1772656581.555:342): proctitle="/data/local/tmp/phonet_pnpipe_exploit"
audit(1772656581.555:343): avc:  denied  { create } for  pid=7478 comm="phonet_pnpipe_e" scontext=u:r:shell:s0 tcontext=u:r:shell:s0 tclass=socket
audit(1772656581.555:343): arch=40000028 syscall=281 per=800000 success=no exit=-13 a0=18 a1=3 a2=fffffff7 a3=0 items=0 ppid=7477 pid=7478 auid=4294967295 uid=2000 gid=2000 euid=2000 suid=2000 fsuid=2000 egid=2000 sgid=2000 fsgid=2000 ses=4294967295 tty=pts0 comm="phonet_pnpipe_e" exe="/data/local/tmp/phonet_pnpipe_exploit" subj=u:r:shell:s0 key=(null)
audit(1772656581.555:343): proctitle="/data/local/tmp/phonet_pnpipe_exploit"
audit(1772656581.555:344): avc:  denied  { create } for  pid=7478 comm="phonet_pnpipe_e" scontext=u:r:shell:s0 tcontext=u:r:shell:s0 tclass=socket
audit(1772656581.555:344): arch=40000028 syscall=281 per=800000 success=no exit=-13 a0=18 a1=4 a2=fffffff7 a3=0 items=0 ppid=7477 pid=7478 auid=4294967295 uid=2000 gid=2000 euid=2000 suid=2000 fsuid=2000 egid=2000 sgid=2000 fsgid=2000 ses=4294967295 tty=pts0 comm="phonet_pnpipe_e" exe="/data/local/tmp/phonet_pnpipe_exploit" subj=u:r:shell:s0 key=(null)
audit(1772656581.555:344): proctitle="/data/local/tmp/phonet_pnpipe_exploit"
audit(1772656581.555:345): avc:  denied  { create } for  pid=7478 comm="phonet_pnpipe_e" scontext=u:r:shell:s0 tcontext=u:r:shell:s0 tclass=socket
audit(1772656581.555:345): arch=40000028 syscall=281 per=800000 success=no exit=-13 a0=18 a1=5 a2=fffffff7 a3=0 items=0 ppid=7477 pid=7478 auid=4294967295 uid=2000 gid=2000 euid=2000 suid=2000 fsuid=2000 egid=2000 sgid=2000 fsgid=2000 ses=4294967295 tty=pts0 comm="phonet_pnpipe_e" exe="/data/local/tmp/phonet_pnpipe_exploit" subj=u:r:shell:s0 key=(null)
audit(1772656581.555:345): proctitle="/data/local/tmp/phonet_pnpipe_exploit"
audit(1772656581.555:346): avc:  denied  { create } for  pid=7478 comm="phonet_pnpipe_e" scontext=u:r:shell:s0 tcontext=u:r:shell:s0 tclass=socket
audit(1772656581.555:346): arch=40000028 syscall=281 per=800000 success=no exit=-13 a0=18 a1=1 a2=fffffff8 a3=0 items=0 ppid=7477 pid=7478 auid=4294967295 uid=2000 gid=2000 euid=2000 suid=2000 fsuid=2000 egid=2000 sgid=2000 fsgid=2000 ses=4294967295 tty=pts0 comm="phonet_pnpipe_e" exe="/data/local/tmp/phonet_pnpipe_exploit" subj=u:r:shell:s0 key=(null)
audit(1772656581.555:346): proctitle="/data/local/tmp/phonet_pnpipe_exploit"
audit(1772656581.555:347): avc:  denied  { create } for  pid=7478 comm="phonet_pnpipe_e" scontext=u:r:shell:s0 tcontext=u:r:shell:s0 tclass=socket
audit(1772656581.555:347): arch=40000028 syscall=281 per=800000 success=no exit=-13 a0=18 a1=2 a2=fffffff8 a3=0 items=0 ppid=7477 pid=7478 auid=4294967295 uid=2000 gid=2000 euid=2000 suid=2000 fsuid=2000 egid=2000 sgid=2000 fsgid=2000 ses=4294967295 tty=pts0 comm="phonet_pnpipe_e" exe="/data/local/tmp/phonet_pnpipe_exploit" subj=u:r:shell:s0 key=(null)
audit(1772656581.555:347): proctitle="/data/local/tmp/phonet_pnpipe_exploit"
audit(1772656581.555:348): avc:  denied  { create } for  pid=7478 comm="phonet_pnpipe_e" scontext=u:r:shell:s0 tcontext=u:r:shell:s0 tclass=socket
audit(1772656581.555:348): arch=40000028 syscall=281 per=800000 success=no exit=-13 a0=18 a1=3 a2=fffffff8 a3=0 items=0 ppid=7477 pid=7478 auid=4294967295 uid=2000 gid=2000 euid=2000 suid=2000 fsuid=2000 egid=2000 sgid=2000 fsgid=2000 ses=4294967295 tty=pts0 comm="phonet_pnpipe_e" exe="/data/local/tmp/phonet_pnpipe_exploit" subj=u:r:shell:s0 key=(null)
audit(1772656581.555:348): proctitle="/data/local/tmp/phonet_pnpipe_exploit"
audit(1772656581.555:349): avc:  denied  { create } for  pid=7478 comm="phonet_pnpipe_e" scontext=u:r:shell:s0 tcontext=u:r:shell:s0 tclass=socket
audit(1772656581.555:349): arch=40000028 syscall=281 per=800000 success=no exit=-13 a0=18 a1=4 a2=fffffff8 a3=0 items=0 ppid=7477 pid=7478 auid=4294967295 uid=2000 gid=2000 euid=2000 suid=2000 fsuid=2000 egid=2000 sgid=2000 fsgid=2000 ses=4294967295 tty=pts0 comm="phonet_pnpipe_e" exe="/data/local/tmp/phonet_pnpipe_exploit" subj=u:r:shell:s0 key=(null)
audit(1772656581.555:349): proctitle="/data/local/tmp/phonet_pnpipe_exploit"
audit(1772656581.555:350): avc:  denied  { create } for  pid=7478 comm="phonet_pnpipe_e" scontext=u:r:shell:s0 tcontext=u:r:shell:s0 tclass=socket
audit(1772656581.555:350): arch=40000028 syscall=281 per=800000 success=no exit=-13 a0=18 a1=5 a2=fffffff8 a3=0 items=0 ppid=7477 pid=7478 auid=4294967295 uid=2000 gid=2000 euid=2000 suid=2000 fsuid=2000 egid=2000 sgid=2000 fsgid=2000 ses=4294967295 tty=pts0 comm="phonet_pnpipe_e" exe="/data/local/tmp/phonet_pnpipe_exploit" subj=u:r:shell:s0 key=(null)
audit(1772656581.555:350): proctitle="/data/local/tmp/phonet_pnpipe_exploit"
audit(1772656581.555:351): avc:  denied  { create } for  pid=7478 comm="phonet_pnpipe_e" scontext=u:r:shell:s0 tcontext=u:r:shell:s0 tclass=socket
audit(1772656581.555:351): arch=40000028 syscall=281 per=800000 success=no exit=-13 a0=18 a1=1 a2=fffffff9 a3=0 items=0 ppid=7477 pid=7478 auid=4294967295 uid=2000 gid=2000 euid=2000 suid=2000 fsuid=2000 egid=2000 sgid=2000 fsgid=2000 ses=4294967295 tty=pts0 comm="phonet_pnpipe_e" exe="/data/local/tmp/phonet_pnpipe_exploit" subj=u:r:shell:s0 key=(null)
audit(1772656581.555:351): proctitle="/data/local/tmp/phonet_pnpipe_exploit"
audit(1772656581.555:352): avc:  denied  { create } for  pid=7478 comm="phonet_pnpipe_e" scontext=u:r:shell:s0 tcontext=u:r:shell:s0 tclass=socket
audit(1772656581.555:352): arch=40000028 syscall=281 per=800000 success=no exit=-13 a0=18 a1=2 a2=fffffff9 a3=0 items=0 ppid=7477 pid=7478 auid=4294967295 uid=2000 gid=2000 euid=2000 suid=2000 fsuid=2000 egid=2000 sgid=2000 fsgid=2000 ses=4294967295 tty=pts0 comm="phonet_pnpipe_e" exe="/data/local/tmp/phonet_pnpipe_exploit" subj=u:r:shell:s0 key=(null)
audit(1772656581.555:352): proctitle="/data/local/tmp/phonet_pnpipe_exploit"
audit(1772656581.555:353): avc:  denied  { create } for  pid=7478 comm="phonet_pnpipe_e" scontext=u:r:shell:s0 tcontext=u:r:shell:s0 tclass=socket
audit(1772656581.555:353): arch=40000028 syscall=281 per=800000 success=no exit=-13 a0=18 a1=3 a2=fffffff9 a3=0 items=0 ppid=7477 pid=7478 auid=4294967295 uid=2000 gid=2000 euid=2000 suid=2000 fsuid=2000 egid=2000 sgid=2000 fsgid=2000 ses=4294967295 tty=pts0 comm="phonet_pnpipe_e" exe="/data/local/tmp/phonet_pnpipe_exploit" subj=u:r:shell:s0 key=(null)
audit(1772656581.555:353): proctitle="/data/local/tmp/phonet_pnpipe_exploit"
audit(1772656581.555:354): avc:  denied  { create } for  pid=7478 comm="phonet_pnpipe_e" scontext=u:r:shell:s0 tcontext=u:r:shell:s0 tclass=socket
audit(1772656581.555:354): arch=40000028 syscall=281 per=800000 success=no exit=-13 a0=18 a1=4 a2=fffffff9 a3=0 items=0 ppid=7477 pid=7478 auid=4294967295 uid=2000 gid=2000 euid=2000 suid=2000 fsuid=2000 egid=2000 sgid=2000 fsgid=2000 ses=4294967295 tty=pts0 comm="phonet_pnpipe_e" exe="/data/local/tmp/phonet_pnpipe_exploit" subj=u:r:shell:s0 key=(null)
audit(1772656581.555:354): proctitle="/data/local/tmp/phonet_pnpipe_exploit"
audit(1772656581.555:355): avc:  denied  { create } for  pid=7478 comm="phonet_pnpipe_e" scontext=u:r:shell:s0 tcontext=u:r:shell:s0 tclass=socket
audit(1772656581.555:355): arch=40000028 syscall=281 per=800000 success=no exit=-13 a0=18 a1=5 a2=fffffff9 a3=0 items=0 ppid=7477 pid=7478 auid=4294967295 uid=2000 gid=2000 euid=2000 suid=2000 fsuid=2000 egid=2000 sgid=2000 fsgid=2000 ses=4294967295 tty=pts0 comm="phonet_pnpipe_e" exe="/data/local/tmp/phonet_pnpipe_exploit" subj=u:r:shell:s0 key=(null)
audit(1772656581.555:355): proctitle="/data/local/tmp/phonet_pnpipe_exploit"
audit(1772656581.555:356): avc:  denied  { create } for  pid=7478 comm="phonet_pnpipe_e" scontext=u:r:shell:s0 tcontext=u:r:shell:s0 tclass=socket
audit(1772656581.555:356): arch=40000028 syscall=281 per=800000 success=no exit=-13 a0=18 a1=1 a2=fffffffa a3=0 items=0 ppid=7477 pid=7478 auid=4294967295 uid=2000 gid=2000 euid=2000 suid=2000 fsuid=2000 egid=2000 sgid=2000 fsgid=2000 ses=4294967295 tty=pts0 comm="phonet_pnpipe_e" exe="/data/local/tmp/phonet_pnpipe_exploit" subj=u:r:shell:s0 key=(null)
audit(1772656581.555:356): proctitle="/data/local/tmp/phonet_pnpipe_exploit"
audit(1772656581.555:357): avc:  denied  { create } for  pid=7478 comm="phonet_pnpipe_e" scontext=u:r:shell:s0 tcontext=u:r:shell:s0 tclass=socket
audit(1772656581.555:357): arch=40000028 syscall=281 per=800000 success=no exit=-13 a0=18 a1=2 a2=fffffffa a3=0 items=0 ppid=7477 pid=7478 auid=4294967295 uid=2000 gid=2000 euid=2000 suid=2000 fsuid=2000 egid=2000 sgid=2000 fsgid=2000 ses=4294967295 tty=pts0 comm="phonet_pnpipe_e" exe="/data/local/tmp/phonet_pnpipe_exploit" subj=u:r:shell:s0 key=(null)
audit(1772656581.555:357): proctitle="/data/local/tmp/phonet_pnpipe_exploit"
audit(1772656581.555:358): avc:  denied  { create } for  pid=7478 comm="phonet_pnpipe_e" scontext=u:r:shell:s0 tcontext=u:r:shell:s0 tclass=socket
audit(1772656581.555:358): arch=40000028 syscall=281 per=800000 success=no exit=-13 a0=18 a1=3 a2=fffffffa a3=0 items=0 ppid=7477 pid=7478 auid=4294967295 uid=2000 gid=2000 euid=2000 suid=2000 fsuid=2000 egid=2000 sgid=2000 fsgid=2000 ses=4294967295 tty=pts0 comm="phonet_pnpipe_e" exe="/data/local/tmp/phonet_pnpipe_exploit" subj=u:r:shell:s0 key=(null)
audit(1772656581.555:358): proctitle="/data/local/tmp/phonet_pnpipe_exploit"
audit(1772656581.555:359): avc:  denied  { create } for  pid=7478 comm="phonet_pnpipe_e" scontext=u:r:shell:s0 tcontext=u:r:shell:s0 tclass=socket
audit(1772656581.555:359): arch=40000028 syscall=281 per=800000 success=no exit=-13 a0=18 a1=4 a2=fffffffa a3=0 items=0 ppid=7477 pid=7478 auid=4294967295 uid=2000 gid=2000 euid=2000 suid=2000 fsuid=2000 egid=2000 sgid=2000 fsgid=2000 ses=4294967295 tty=pts0 comm="phonet_pnpipe_e" exe="/data/local/tmp/phonet_pnpipe_exploit" subj=u:r:shell:s0 key=(null)
audit(1772656581.555:359): proctitle="/data/local/tmp/phonet_pnpipe_exploit"
audit(1772656581.570:360): avc:  denied  { create } for  pid=7478 comm="phonet_pnpipe_e" scontext=u:r:shell:s0 tcontext=u:r:shell:s0 tclass=socket
audit(1772656581.570:360): arch=40000028 syscall=281 per=800000 success=no exit=-13 a0=18 a1=5 a2=fffffffa a3=0 items=0 ppid=7477 pid=7478 auid=4294967295 uid=2000 gid=2000 euid=2000 suid=2000 fsuid=2000 egid=2000 sgid=2000 fsgid=2000 ses=4294967295 tty=pts0 comm="phonet_pnpipe_e" exe="/data/local/tmp/phonet_pnpipe_exploit" subj=u:r:shell:s0 key=(null)
audit(1772656581.570:360): proctitle="/data/local/tmp/phonet_pnpipe_exploit"
audit(1772656581.575:361): avc:  denied  { create } for  pid=7478 comm="phonet_pnpipe_e" scontext=u:r:shell:s0 tcontext=u:r:shell:s0 tclass=socket
audit(1772656581.575:361): arch=40000028 syscall=281 per=800000 success=no exit=-13 a0=18 a1=1 a2=fffffffb a3=0 items=0 ppid=7477 pid=7478 auid=4294967295 uid=2000 gid=2000 euid=2000 suid=2000 fsuid=2000 egid=2000 sgid=2000 fsgid=2000 ses=4294967295 tty=pts0 comm="phonet_pnpipe_e" exe="/data/local/tmp/phonet_pnpipe_exploit" subj=u:r:shell:s0 key=(null)
audit(1772656581.575:361): proctitle="/data/local/tmp/phonet_pnpipe_exploit"
audit(1772656581.575:362): avc:  denied  { create } for  pid=7478 comm="phonet_pnpipe_e" scontext=u:r:shell:s0 tcontext=u:r:shell:s0 tclass=socket
audit(1772656581.575:362): arch=40000028 syscall=281 per=800000 success=no exit=-13 a0=18 a1=2 a2=fffffffb a3=0 items=0 ppid=7477 pid=7478 auid=4294967295 uid=2000 gid=2000 euid=2000 suid=2000 fsuid=2000 egid=2000 sgid=2000 fsgid=2000 ses=4294967295 tty=pts0 comm="phonet_pnpipe_e" exe="/data/local/tmp/phonet_pnpipe_exploit" subj=u:r:shell:s0 key=(null)
audit(1772656581.575:362): proctitle="/data/local/tmp/phonet_pnpipe_exploit"
audit(1772656581.575:363): avc:  denied  { create } for  pid=7478 comm="phonet_pnpipe_e" scontext=u:r:shell:s0 tcontext=u:r:shell:s0 tclass=socket
audit(1772656581.575:363): arch=40000028 syscall=281 per=800000 success=no exit=-13 a0=18 a1=3 a2=fffffffb a3=0 items=0 ppid=7477 pid=7478 auid=4294967295 uid=2000 gid=2000 euid=2000 suid=2000 fsuid=2000 egid=2000 sgid=2000 fsgid=2000 ses=4294967295 tty=pts0 comm="phonet_pnpipe_e" exe="/data/local/tmp/phonet_pnpipe_exploit" subj=u:r:shell:s0 key=(null)
audit(1772656581.575:363): proctitle="/data/local/tmp/phonet_pnpipe_exploit"
audit(1772656581.580:364): avc:  denied  { create } for  pid=7478 comm="phonet_pnpipe_e" scontext=u:r:shell:s0 tcontext=u:r:shell:s0 tclass=socket
audit(1772656581.580:364): arch=40000028 syscall=281 per=800000 success=no exit=-13 a0=18 a1=4 a2=fffffffb a3=0 items=0 ppid=7477 pid=7478 auid=4294967295 uid=2000 gid=2000 euid=2000 suid=2000 fsuid=2000 egid=2000 sgid=2000 fsgid=2000 ses=4294967295 tty=pts0 comm="phonet_pnpipe_e" exe="/data/local/tmp/phonet_pnpipe_exploit" subj=u:r:shell:s0 key=(null)
audit(1772656581.580:364): proctitle="/data/local/tmp/phonet_pnpipe_exploit"
audit(1772656581.580:365): avc:  denied  { create } for  pid=7478 comm="phonet_pnpipe_e" scontext=u:r:shell:s0 tcontext=u:r:shell:s0 tclass=socket
audit(1772656581.580:365): arch=40000028 syscall=281 per=800000 success=no exit=-13 a0=18 a1=5 a2=fffffffb a3=0 items=0 ppid=7477 pid=7478 auid=4294967295 uid=2000 gid=2000 euid=2000 suid=2000 fsuid=2000 egid=2000 sgid=2000 fsgid=2000 ses=4294967295 tty=pts0 comm="phonet_pnpipe_e" exe="/data/local/tmp/phonet_pnpipe_exploit" subj=u:r:shell:s0 key=(null)
audit(1772656581.580:365): proctitle="/data/local/tmp/phonet_pnpipe_exploit"
audit(1772656581.585:366): avc:  denied  { create } for  pid=7478 comm="phonet_pnpipe_e" scontext=u:r:shell:s0 tcontext=u:r:shell:s0 tclass=socket
audit(1772656581.585:366): arch=40000028 syscall=281 per=800000 success=no exit=-13 a0=18 a1=1 a2=fffffffc a3=0 items=0 ppid=7477 pid=7478 auid=4294967295 uid=2000 gid=2000 euid=2000 suid=2000 fsuid=2000 egid=2000 sgid=2000 fsgid=2000 ses=4294967295 tty=pts0 comm="phonet_pnpipe_e" exe="/data/local/tmp/phonet_pnpipe_exploit" subj=u:r:shell:s0 key=(null)
audit(1772656581.585:366): proctitle="/data/local/tmp/phonet_pnpipe_exploit"
audit(1772656581.590:367): avc:  denied  { create } for  pid=7478 comm="phonet_pnpipe_e" scontext=u:r:shell:s0 tcontext=u:r:shell:s0 tclass=socket
audit(1772656581.590:367): arch=40000028 syscall=281 per=800000 success=no exit=-13 a0=18 a1=2 a2=fffffffc a3=0 items=0 ppid=7477 pid=7478 auid=4294967295 uid=2000 gid=2000 euid=2000 suid=2000 fsuid=2000 egid=2000 sgid=2000 fsgid=2000 ses=4294967295 tty=pts0 comm="phonet_pnpipe_e" exe="/data/local/tmp/phonet_pnpipe_exploit" subj=u:r:shell:s0 key=(null)
audit(1772656581.590:367): proctitle="/data/local/tmp/phonet_pnpipe_exploit"
audit(1772656581.595:368): avc:  denied  { create } for  pid=7478 comm="phonet_pnpipe_e" scontext=u:r:shell:s0 tcontext=u:r:shell:s0 tclass=socket
audit(1772656581.595:368): arch=40000028 syscall=281 per=800000 success=no exit=-13 a0=18 a1=3 a2=fffffffc a3=0 items=0 ppid=7477 pid=7478 auid=4294967295 uid=2000 gid=2000 euid=2000 suid=2000 fsuid=2000 egid=2000 sgid=2000 fsgid=2000 ses=4294967295 tty=pts0 comm="phonet_pnpipe_e" exe="/data/local/tmp/phonet_pnpipe_exploit" subj=u:r:shell:s0 key=(null)
audit(1772656581.595:368): proctitle="/data/local/tmp/phonet_pnpipe_exploit"
audit(1772656581.595:369): avc:  denied  { create } for  pid=7478 comm="phonet_pnpipe_e" scontext=u:r:shell:s0 tcontext=u:r:shell:s0 tclass=socket
audit(1772656581.595:369): arch=40000028 syscall=281 per=800000 success=no exit=-13 a0=18 a1=4 a2=fffffffc a3=0 items=0 ppid=7477 pid=7478 auid=4294967295 uid=2000 gid=2000 euid=2000 suid=2000 fsuid=2000 egid=2000 sgid=2000 fsgid=2000 ses=4294967295 tty=pts0 comm="phonet_pnpipe_e" exe="/data/local/tmp/phonet_pnpipe_exploit" subj=u:r:shell:s0 key=(null)
audit(1772656581.595:369): proctitle="/data/local/tmp/phonet_pnpipe_exploit"
audit(1772656581.600:370): avc:  denied  { create } for  pid=7478 comm="phonet_pnpipe_e" scontext=u:r:shell:s0 tcontext=u:r:shell:s0 tclass=socket
audit(1772656581.600:370): arch=40000028 syscall=281 per=800000 success=no exit=-13 a0=18 a1=5 a2=fffffffc a3=0 items=0 ppid=7477 pid=7478 auid=4294967295 uid=2000 gid=2000 euid=2000 suid=2000 fsuid=2000 egid=2000 sgid=2000 fsgid=2000 ses=4294967295 tty=pts0 comm="phonet_pnpipe_e" exe="/data/local/tmp/phonet_pnpipe_exploit" subj=u:r:shell:s0 key=(null)
audit(1772656581.600:370): proctitle="/data/local/tmp/phonet_pnpipe_exploit"
audit(1772656581.605:371): avc:  denied  { create } for  pid=7478 comm="phonet_pnpipe_e" scontext=u:r:shell:s0 tcontext=u:r:shell:s0 tclass=socket
audit(1772656581.605:371): arch=40000028 syscall=281 per=800000 success=no exit=-13 a0=18 a1=1 a2=fffffffd a3=0 items=0 ppid=7477 pid=7478 auid=4294967295 uid=2000 gid=2000 euid=2000 suid=2000 fsuid=2000 egid=2000 sgid=2000 fsgid=2000 ses=4294967295 tty=pts0 comm="phonet_pnpipe_e" exe="/data/local/tmp/phonet_pnpipe_exploit" subj=u:r:shell:s0 key=(null)
audit(1772656581.605:371): proctitle="/data/local/tmp/phonet_pnpipe_exploit"
audit(1772656581.610:372): avc:  denied  { create } for  pid=7478 comm="phonet_pnpipe_e" scontext=u:r:shell:s0 tcontext=u:r:shell:s0 tclass=socket
audit(1772656581.610:372): arch=40000028 syscall=281 per=800000 success=no exit=-13 a0=18 a1=2 a2=fffffffd a3=0 items=0 ppid=7477 pid=7478 auid=4294967295 uid=2000 gid=2000 euid=2000 suid=2000 fsuid=2000 egid=2000 sgid=2000 fsgid=2000 ses=4294967295 tty=pts0 comm="phonet_pnpipe_e" exe="/data/local/tmp/phonet_pnpipe_exploit" subj=u:r:shell:s0 key=(null)
audit(1772656581.610:372): proctitle="/data/local/tmp/phonet_pnpipe_exploit"
audit(1772656581.615:373): avc:  denied  { create } for  pid=7478 comm="phonet_pnpipe_e" scontext=u:r:shell:s0 tcontext=u:r:shell:s0 tclass=socket
audit(1772656581.615:373): arch=40000028 syscall=281 per=800000 success=no exit=-13 a0=18 a1=3 a2=fffffffd a3=0 items=0 ppid=7477 pid=7478 auid=4294967295 uid=2000 gid=2000 euid=2000 suid=2000 fsuid=2000 egid=2000 sgid=2000 fsgid=2000 ses=4294967295 tty=pts0 comm="phonet_pnpipe_e" exe="/data/local/tmp/phonet_pnpipe_exploit" subj=u:r:shell:s0 key=(null)
audit(1772656581.615:373): proctitle="/data/local/tmp/phonet_pnpipe_exploit"
audit(1772656581.620:374): avc:  denied  { create } for  pid=7478 comm="phonet_pnpipe_e" scontext=u:r:shell:s0 tcontext=u:r:shell:s0 tclass=socket
audit(1772656581.620:374): arch=40000028 syscall=281 per=800000 success=no exit=-13 a0=18 a1=4 a2=fffffffd a3=0 items=0 ppid=7477 pid=7478 auid=4294967295 uid=2000 gid=2000 euid=2000 suid=2000 fsuid=2000 egid=2000 sgid=2000 fsgid=2000 ses=4294967295 tty=pts0 comm="phonet_pnpipe_e" exe="/data/local/tmp/phonet_pnpipe_exploit" subj=u:r:shell:s0 key=(null)
audit(1772656581.620:374): proctitle="/data/local/tmp/phonet_pnpipe_exploit"
audit(1772656581.625:375): avc:  denied  { create } for  pid=7478 comm="phonet_pnpipe_e" scontext=u:r:shell:s0 tcontext=u:r:shell:s0 tclass=socket
audit(1772656581.625:375): arch=40000028 syscall=281 per=800000 success=no exit=-13 a0=18 a1=5 a2=fffffffd a3=0 items=0 ppid=7477 pid=7478 auid=4294967295 uid=2000 gid=2000 euid=2000 suid=2000 fsuid=2000 egid=2000 sgid=2000 fsgid=2000 ses=4294967295 tty=pts0 comm="phonet_pnpipe_e" exe="/data/local/tmp/phonet_pnpipe_exploit" subj=u:r:shell:s0 key=(null)
audit(1772656581.625:375): proctitle="/data/local/tmp/phonet_pnpipe_exploit"
audit(1772656581.630:376): avc:  denied  { create } for  pid=7478 comm="phonet_pnpipe_e" scontext=u:r:shell:s0 tcontext=u:r:shell:s0 tclass=socket
audit(1772656581.630:376): arch=40000028 syscall=281 per=800000 success=no exit=-13 a0=18 a1=1 a2=fffffffe a3=0 items=0 ppid=7477 pid=7478 auid=4294967295 uid=2000 gid=2000 euid=2000 suid=2000 fsuid=2000 egid=2000 sgid=2000 fsgid=2000 ses=4294967295 tty=pts0 comm="phonet_pnpipe_e" exe="/data/local/tmp/phonet_pnpipe_exploit" subj=u:r:shell:s0 key=(null)
audit(1772656581.630:376): proctitle="/data/local/tmp/phonet_pnpipe_exploit"
audit(1772656581.640:377): avc:  denied  { create } for  pid=7478 comm="phonet_pnpipe_e" scontext=u:r:shell:s0 tcontext=u:r:shell:s0 tclass=socket
audit(1772656581.640:377): arch=40000028 syscall=281 per=800000 success=no exit=-13 a0=18 a1=2 a2=fffffffe a3=0 items=0 ppid=7477 pid=7478 auid=4294967295 uid=2000 gid=2000 euid=2000 suid=2000 fsuid=2000 egid=2000 sgid=2000 fsgid=2000 ses=4294967295 tty=pts0 comm="phonet_pnpipe_e" exe="/data/local/tmp/phonet_pnpipe_exploit" subj=u:r:shell:s0 key=(null)
audit(1772656581.640:377): proctitle="/data/local/tmp/phonet_pnpipe_exploit"
audit(1772656581.645:378): avc:  denied  { create } for  pid=7478 comm="phonet_pnpipe_e" scontext=u:r:shell:s0 tcontext=u:r:shell:s0 tclass=socket
audit(1772656581.645:378): arch=40000028 syscall=281 per=800000 success=no exit=-13 a0=18 a1=3 a2=fffffffe a3=0 items=0 ppid=7477 pid=7478 auid=4294967295 uid=2000 gid=2000 euid=2000 suid=2000 fsuid=2000 egid=2000 sgid=2000 fsgid=2000 ses=4294967295 tty=pts0 comm="phonet_pnpipe_e" exe="/data/local/tmp/phonet_pnpipe_exploit" subj=u:r:shell:s0 key=(null)
audit(1772656581.645:378): proctitle="/data/local/tmp/phonet_pnpipe_exploit"
audit(1772656581.655:379): avc:  denied  { create } for  pid=7478 comm="phonet_pnpipe_e" scontext=u:r:shell:s0 tcontext=u:r:shell:s0 tclass=socket
audit(1772656581.655:379): arch=40000028 syscall=281 per=800000 success=no exit=-13 a0=18 a1=4 a2=fffffffe a3=0 items=0 ppid=7477 pid=7478 auid=4294967295 uid=2000 gid=2000 euid=2000 suid=2000 fsuid=2000 egid=2000 sgid=2000 fsgid=2000 ses=4294967295 tty=pts0 comm="phonet_pnpipe_e" exe="/data/local/tmp/phonet_pnpipe_exploit" subj=u:r:shell:s0 key=(null)
audit(1772656581.655:379): proctitle="/data/local/tmp/phonet_pnpipe_exploit"
audit(1772656581.660:380): avc:  denied  { create } for  pid=7478 comm="phonet_pnpipe_e" scontext=u:r:shell:s0 tcontext=u:r:shell:s0 tclass=socket
audit(1772656581.660:380): arch=40000028 syscall=281 per=800000 success=no exit=-13 a0=18 a1=5 a2=fffffffe a3=0 items=0 ppid=7477 pid=7478 auid=4294967295 uid=2000 gid=2000 euid=2000 suid=2000 fsuid=2000 egid=2000 sgid=2000 fsgid=2000 ses=4294967295 tty=pts0 comm="phonet_pnpipe_e" exe="/data/local/tmp/phonet_pnpipe_exploit" subj=u:r:shell:s0 key=(null)
audit(1772656581.660:380): proctitle="/data/local/tmp/phonet_pnpipe_exploit"
audit(1772656581.665:381): avc:  denied  { create } for  pid=7478 comm="phonet_pnpipe_e" scontext=u:r:shell:s0 tcontext=u:r:shell:s0 tclass=socket
audit(1772656581.665:381): arch=40000028 syscall=281 per=800000 success=no exit=-13 a0=18 a1=1 a2=ffffffff a3=0 items=0 ppid=7477 pid=7478 auid=4294967295 uid=2000 gid=2000 euid=2000 suid=2000 fsuid=2000 egid=2000 sgid=2000 fsgid=2000 ses=4294967295 tty=pts0 comm="phonet_pnpipe_e" exe="/data/local/tmp/phonet_pnpipe_exploit" subj=u:r:shell:s0 key=(null)
audit(1772656581.665:381): proctitle="/data/local/tmp/phonet_pnpipe_exploit"
audit(1772656581.670:382): avc:  denied  { create } for  pid=7478 comm="phonet_pnpipe_e" scontext=u:r:shell:s0 tcontext=u:r:shell:s0 tclass=socket
audit(1772656581.670:382): arch=40000028 syscall=281 per=800000 success=no exit=-13 a0=18 a1=2 a2=ffffffff a3=0 items=0 ppid=7477 pid=7478 auid=4294967295 uid=2000 gid=2000 euid=2000 suid=2000 fsuid=2000 egid=2000 sgid=2000 fsgid=2000 ses=4294967295 tty=pts0 comm="phonet_pnpipe_e" exe="/data/local/tmp/phonet_pnpipe_exploit" subj=u:r:shell:s0 key=(null)
audit(1772656581.670:382): proctitle="/data/local/tmp/phonet_pnpipe_exploit"
audit(1772656581.675:383): avc:  denied  { create } for  pid=7478 comm="phonet_pnpipe_e" scontext=u:r:shell:s0 tcontext=u:r:shell:s0 tclass=socket
audit(1772656581.675:383): arch=40000028 syscall=281 per=800000 success=no exit=-13 a0=18 a1=3 a2=ffffffff a3=0 items=0 ppid=7477 pid=7478 auid=4294967295 uid=2000 gid=2000 euid=2000 suid=2000 fsuid=2000 egid=2000 sgid=2000 fsgid=2000 ses=4294967295 tty=pts0 comm="phonet_pnpipe_e" exe="/data/local/tmp/phonet_pnpipe_exploit" subj=u:r:shell:s0 key=(null)
audit(1772656581.675:383): proctitle="/data/local/tmp/phonet_pnpipe_exploit"
audit(1772656581.680:384): avc:  denied  { create } for  pid=7478 comm="phonet_pnpipe_e" scontext=u:r:shell:s0 tcontext=u:r:shell:s0 tclass=socket
audit(1772656581.680:384): arch=40000028 syscall=281 per=800000 success=no exit=-13 a0=18 a1=4 a2=ffffffff a3=0 items=0 ppid=7477 pid=7478 auid=4294967295 uid=2000 gid=2000 euid=2000 suid=2000 fsuid=2000 egid=2000 sgid=2000 fsgid=2000 ses=4294967295 tty=pts0 comm="phonet_pnpipe_e" exe="/data/local/tmp/phonet_pnpipe_exploit" subj=u:r:shell:s0 key=(null)
audit(1772656581.680:384): proctitle="/data/local/tmp/phonet_pnpipe_exploit"
audit(1772656581.690:385): avc:  denied  { create } for  pid=7478 comm="phonet_pnpipe_e" scontext=u:r:shell:s0 tcontext=u:r:shell:s0 tclass=socket
audit(1772656581.690:385): arch=40000028 syscall=281 per=800000 success=no exit=-13 a0=18 a1=5 a2=ffffffff a3=0 items=0 ppid=7477 pid=7478 auid=4294967295 uid=2000 gid=2000 euid=2000 suid=2000 fsuid=2000 egid=2000 sgid=2000 fsgid=2000 ses=4294967295 tty=pts0 comm="phonet_pnpipe_e" exe="/data/local/tmp/phonet_pnpipe_exploit" subj=u:r:shell:s0 key=(null)
audit(1772656581.690:385): proctitle="/data/local/tmp/phonet_pnpipe_exploit"
audit(1772656581.695:386): avc:  denied  { create } for  pid=7478 comm="phonet_pnpipe_e" scontext=u:r:shell:s0 tcontext=u:r:shell:s0 tclass=socket
audit(1772656581.695:386): arch=40000028 syscall=281 per=800000 success=no exit=-13 a0=18 a1=1 a2=0 a3=0 items=0 ppid=7477 pid=7478 auid=4294967295 uid=2000 gid=2000 euid=2000 suid=2000 fsuid=2000 egid=2000 sgid=2000 fsgid=2000 ses=4294967295 tty=pts0 comm="phonet_pnpipe_e" exe="/data/local/tmp/phonet_pnpipe_exploit" subj=u:r:shell:s0 key=(null)
audit(1772656581.695:386): proctitle="/data/local/tmp/phonet_pnpipe_exploit"
audit(1772656581.700:387): avc:  denied  { create } for  pid=7478 comm="phonet_pnpipe_e" scontext=u:r:shell:s0 tcontext=u:r:shell:s0 tclass=socket
audit(1772656581.700:387): arch=40000028 syscall=281 per=800000 success=no exit=-13 a0=18 a1=2 a2=0 a3=0 items=0 ppid=7477 pid=7478 auid=4294967295 uid=2000 gid=2000 euid=2000 suid=2000 fsuid=2000 egid=2000 sgid=2000 fsgid=2000 ses=4294967295 tty=pts0 comm="phonet_pnpipe_e" exe="/data/local/tmp/phonet_pnpipe_exploit" subj=u:r:shell:s0 key=(null)
audit(1772656581.700:387): proctitle="/data/local/tmp/phonet_pnpipe_exploit"
audit(1772656581.705:388): avc:  denied  { create } for  pid=7478 comm="phonet_pnpipe_e" scontext=u:r:shell:s0 tcontext=u:r:shell:s0 tclass=socket
audit(1772656581.705:388): arch=40000028 syscall=281 per=800000 success=no exit=-13 a0=18 a1=3 a2=0 a3=0 items=0 ppid=7477 pid=7478 auid=4294967295 uid=2000 gid=2000 euid=2000 suid=2000 fsuid=2000 egid=2000 sgid=2000 fsgid=2000 ses=4294967295 tty=pts0 comm="phonet_pnpipe_e" exe="/data/local/tmp/phonet_pnpipe_exploit" subj=u:r:shell:s0 key=(null)
audit(1772656581.705:388): proctitle="/data/local/tmp/phonet_pnpipe_exploit"
audit(1772656581.710:389): avc:  denied  { create } for  pid=7478 comm="phonet_pnpipe_e" scontext=u:r:shell:s0 tcontext=u:r:shell:s0 tclass=socket
audit(1772656581.710:389): arch=40000028 syscall=281 per=800000 success=no exit=-13 a0=18 a1=4 a2=0 a3=0 items=0 ppid=7477 pid=7478 auid=4294967295 uid=2000 gid=2000 euid=2000 suid=2000 fsuid=2000 egid=2000 sgid=2000 fsgid=2000 ses=4294967295 tty=pts0 comm="phonet_pnpipe_e" exe="/data/local/tmp/phonet_pnpipe_exploit" subj=u:r:shell:s0 key=(null)
audit(1772656581.710:389): proctitle="/data/local/tmp/phonet_pnpipe_exploit"
audit(1772656581.715:390): avc:  denied  { create } for  pid=7478 comm="phonet_pnpipe_e" scontext=u:r:shell:s0 tcontext=u:r:shell:s0 tclass=socket
audit(1772656581.715:390): arch=40000028 syscall=281 per=800000 success=no exit=-13 a0=18 a1=5 a2=0 a3=0 items=0 ppid=7477 pid=7478 auid=4294967295 uid=2000 gid=2000 euid=2000 suid=2000 fsuid=2000 egid=2000 sgid=2000 fsgid=2000 ses=4294967295 tty=pts0 comm="phonet_pnpipe_e" exe="/data/local/tmp/phonet_pnpipe_exploit" subj=u:r:shell:s0 key=(null)
audit(1772656581.715:390): proctitle="/data/local/tmp/phonet_pnpipe_exploit"
audit(1772656581.720:391): avc:  denied  { create } for  pid=7478 comm="phonet_pnpipe_e" scontext=u:r:shell:s0 tcontext=u:r:shell:s0 tclass=socket
audit(1772656581.720:391): arch=40000028 syscall=281 per=800000 success=no exit=-13 a0=25 a1=1 a2=fffffff6 a3=0 items=0 ppid=7477 pid=7478 auid=4294967295 uid=2000 gid=2000 euid=2000 suid=2000 fsuid=2000 egid=2000 sgid=2000 fsgid=2000 ses=4294967295 tty=pts0 comm="phonet_pnpipe_e" exe="/data/local/tmp/phonet_pnpipe_exploit" subj=u:r:shell:s0 key=(null)
audit(1772656581.720:391): proctitle="/data/local/tmp/phonet_pnpipe_exploit"
audit(1772656581.725:392): avc:  denied  { create } for  pid=7478 comm="phonet_pnpipe_e" scontext=u:r:shell:s0 tcontext=u:r:shell:s0 tclass=socket
audit(1772656581.725:392): arch=40000028 syscall=281 per=800000 success=no exit=-13 a0=25 a1=2 a2=fffffff6 a3=0 items=0 ppid=7477 pid=7478 auid=4294967295 uid=2000 gid=2000 euid=2000 suid=2000 fsuid=2000 egid=2000 sgid=2000 fsgid=2000 ses=4294967295 tty=pts0 comm="phonet_pnpipe_e" exe="/data/local/tmp/phonet_pnpipe_exploit" subj=u:r:shell:s0 key=(null)
audit(1772656581.725:392): proctitle="/data/local/tmp/phonet_pnpipe_exploit"
audit(1772656581.730:393): avc:  denied  { create } for  pid=7478 comm="phonet_pnpipe_e" scontext=u:r:shell:s0 tcontext=u:r:shell:s0 tclass=socket
audit(1772656581.730:393): arch=40000028 syscall=281 per=800000 success=no exit=-13 a0=25 a1=3 a2=fffffff6 a3=0 items=0 ppid=7477 pid=7478 auid=4294967295 uid=2000 gid=2000 euid=2000 suid=2000 fsuid=2000 egid=2000 sgid=2000 fsgid=2000 ses=4294967295 tty=pts0 comm="phonet_pnpipe_e" exe="/data/local/tmp/phonet_pnpipe_exploit" subj=u:r:shell:s0 key=(null)
audit(1772656581.730:393): proctitle="/data/local/tmp/phonet_pnpipe_exploit"
audit(1772656581.735:394): avc:  denied  { create } for  pid=7478 comm="phonet_pnpipe_e" scontext=u:r:shell:s0 tcontext=u:r:shell:s0 tclass=socket
audit(1772656581.735:394): arch=40000028 syscall=281 per=800000 success=no exit=-13 a0=25 a1=4 a2=fffffff6 a3=0 items=0 ppid=7477 pid=7478 auid=4294967295 uid=2000 gid=2000 euid=2000 suid=2000 fsuid=2000 egid=2000 sgid=2000 fsgid=2000 ses=4294967295 tty=pts0 comm="phonet_pnpipe_e" exe="/data/local/tmp/phonet_pnpipe_exploit" subj=u:r:shell:s0 key=(null)
audit(1772656581.735:394): proctitle="/data/local/tmp/phonet_pnpipe_exploit"
audit(1772656581.740:395): avc:  denied  { create } for  pid=7478 comm="phonet_pnpipe_e" scontext=u:r:shell:s0 tcontext=u:r:shell:s0 tclass=socket
audit(1772656581.740:395): arch=40000028 syscall=281 per=800000 success=no exit=-13 a0=25 a1=5 a2=fffffff6 a3=0 items=0 ppid=7477 pid=7478 auid=4294967295 uid=2000 gid=2000 euid=2000 suid=2000 fsuid=2000 egid=2000 sgid=2000 fsgid=2000 ses=4294967295 tty=pts0 comm="phonet_pnpipe_e" exe="/data/local/tmp/phonet_pnpipe_exploit" subj=u:r:shell:s0 key=(null)
audit(1772656581.740:395): proctitle="/data/local/tmp/phonet_pnpipe_exploit"
audit(1772656581.750:396): avc:  denied  { create } for  pid=7478 comm="phonet_pnpipe_e" scontext=u:r:shell:s0 tcontext=u:r:shell:s0 tclass=socket
audit(1772656581.750:396): arch=40000028 syscall=281 per=800000 success=no exit=-13 a0=25 a1=1 a2=fffffff7 a3=0 items=0 ppid=7477 pid=7478 auid=4294967295 uid=2000 gid=2000 euid=2000 suid=2000 fsuid=2000 egid=2000 sgid=2000 fsgid=2000 ses=4294967295 tty=pts0 comm="phonet_pnpipe_e" exe="/data/local/tmp/phonet_pnpipe_exploit" subj=u:r:shell:s0 key=(null)
audit(1772656581.750:396): proctitle="/data/local/tmp/phonet_pnpipe_exploit"
audit(1772656581.755:397): avc:  denied  { create } for  pid=7478 comm="phonet_pnpipe_e" scontext=u:r:shell:s0 tcontext=u:r:shell:s0 tclass=socket
audit(1772656581.755:397): arch=40000028 syscall=281 per=800000 success=no exit=-13 a0=25 a1=2 a2=fffffff7 a3=0 items=0 ppid=7477 pid=7478 auid=4294967295 uid=2000 gid=2000 euid=2000 suid=2000 fsuid=2000 egid=2000 sgid=2000 fsgid=2000 ses=4294967295 tty=pts0 comm="phonet_pnpipe_e" exe="/data/local/tmp/phonet_pnpipe_exploit" subj=u:r:shell:s0 key=(null)
audit(1772656581.755:397): proctitle="/data/local/tmp/phonet_pnpipe_exploit"
audit(1772656581.765:398): avc:  denied  { create } for  pid=7478 comm="phonet_pnpipe_e" scontext=u:r:shell:s0 tcontext=u:r:shell:s0 tclass=socket
audit(1772656581.765:398): arch=40000028 syscall=281 per=800000 success=no exit=-13 a0=25 a1=3 a2=fffffff7 a3=0 items=0 ppid=7477 pid=7478 auid=4294967295 uid=2000 gid=2000 euid=2000 suid=2000 fsuid=2000 egid=2000 sgid=2000 fsgid=2000 ses=4294967295 tty=pts0 comm="phonet_pnpipe_e" exe="/data/local/tmp/phonet_pnpipe_exploit" subj=u:r:shell:s0 key=(null)
audit(1772656581.765:398): proctitle="/data/local/tmp/phonet_pnpipe_exploit"
audit(1772656581.765:399): avc:  denied  { create } for  pid=7478 comm="phonet_pnpipe_e" scontext=u:r:shell:s0 tcontext=u:r:shell:s0 tclass=socket
audit(1772656581.765:399): arch=40000028 syscall=281 per=800000 success=no exit=-13 a0=25 a1=4 a2=fffffff7 a3=0 items=0 ppid=7477 pid=7478 auid=4294967295 uid=2000 gid=2000 euid=2000 suid=2000 fsuid=2000 egid=2000 sgid=2000 fsgid=2000 ses=4294967295 tty=pts0 comm="phonet_pnpipe_e" exe="/data/local/tmp/phonet_pnpipe_exploit" subj=u:r:shell:s0 key=(null)
audit(1772656581.765:399): proctitle="/data/local/tmp/phonet_pnpipe_exploit"
audit(1772656581.770:400): avc:  denied  { create } for  pid=7478 comm="phonet_pnpipe_e" scontext=u:r:shell:s0 tcontext=u:r:shell:s0 tclass=socket
audit(1772656581.770:400): arch=40000028 syscall=281 per=800000 success=no exit=-13 a0=25 a1=5 a2=fffffff7 a3=0 items=0 ppid=7477 pid=7478 auid=4294967295 uid=2000 gid=2000 euid=2000 suid=2000 fsuid=2000 egid=2000 sgid=2000 fsgid=2000 ses=4294967295 tty=pts0 comm="phonet_pnpipe_e" exe="/data/local/tmp/phonet_pnpipe_exploit" subj=u:r:shell:s0 key=(null)
audit(1772656581.770:400): proctitle="/data/local/tmp/phonet_pnpipe_exploit"
audit(1772656581.775:401): avc:  denied  { create } for  pid=7478 comm="phonet_pnpipe_e" scontext=u:r:shell:s0 tcontext=u:r:shell:s0 tclass=socket
audit(1772656581.775:401): arch=40000028 syscall=281 per=800000 success=no exit=-13 a0=25 a1=1 a2=fffffff8 a3=0 items=0 ppid=7477 pid=7478 auid=4294967295 uid=2000 gid=2000 euid=2000 suid=2000 fsuid=2000 egid=2000 sgid=2000 fsgid=2000 ses=4294967295 tty=pts0 comm="phonet_pnpipe_e" exe="/data/local/tmp/phonet_pnpipe_exploit" subj=u:r:shell:s0 key=(null)
audit(1772656581.775:401): proctitle="/data/local/tmp/phonet_pnpipe_exploit"
audit(1772656581.775:402): avc:  denied  { create } for  pid=7478 comm="phonet_pnpipe_e" scontext=u:r:shell:s0 tcontext=u:r:shell:s0 tclass=socket
audit(1772656581.775:402): arch=40000028 syscall=281 per=800000 success=no exit=-13 a0=25 a1=2 a2=fffffff8 a3=0 items=0 ppid=7477 pid=7478 auid=4294967295 uid=2000 gid=2000 euid=2000 suid=2000 fsuid=2000 egid=2000 sgid=2000 fsgid=2000 ses=4294967295 tty=pts0 comm="phonet_pnpipe_e" exe="/data/local/tmp/phonet_pnpipe_exploit" subj=u:r:shell:s0 key=(null)
audit(1772656581.775:402): proctitle="/data/local/tmp/phonet_pnpipe_exploit"
audit(1772656581.780:403): avc:  denied  { create } for  pid=7478 comm="phonet_pnpipe_e" scontext=u:r:shell:s0 tcontext=u:r:shell:s0 tclass=socket
audit(1772656581.780:403): arch=40000028 syscall=281 per=800000 success=no exit=-13 a0=25 a1=3 a2=fffffff8 a3=0 items=0 ppid=7477 pid=7478 auid=4294967295 uid=2000 gid=2000 euid=2000 suid=2000 fsuid=2000 egid=2000 sgid=2000 fsgid=2000 ses=4294967295 tty=pts0 comm="phonet_pnpipe_e" exe="/data/local/tmp/phonet_pnpipe_exploit" subj=u:r:shell:s0 key=(null)
audit(1772656581.780:403): proctitle="/data/local/tmp/phonet_pnpipe_exploit"
audit(1772656581.785:404): avc:  denied  { create } for  pid=7478 comm="phonet_pnpipe_e" scontext=u:r:shell:s0 tcontext=u:r:shell:s0 tclass=socket
audit(1772656581.785:404): arch=40000028 syscall=281 per=800000 success=no exit=-13 a0=25 a1=4 a2=fffffff8 a3=0 items=0 ppid=7477 pid=7478 auid=4294967295 uid=2000 gid=2000 euid=2000 suid=2000 fsuid=2000 egid=2000 sgid=2000 fsgid=2000 ses=4294967295 tty=pts0 comm="phonet_pnpipe_e" exe="/data/local/tmp/phonet_pnpipe_exploit" subj=u:r:shell:s0 key=(null)
audit(1772656581.785:404): proctitle="/data/local/tmp/phonet_pnpipe_exploit"
audit(1772656581.790:405): avc:  denied  { create } for  pid=7478 comm="phonet_pnpipe_e" scontext=u:r:shell:s0 tcontext=u:r:shell:s0 tclass=socket
audit(1772656581.790:405): arch=40000028 syscall=281 per=800000 success=no exit=-13 a0=25 a1=5 a2=fffffff8 a3=0 items=0 ppid=7477 pid=7478 auid=4294967295 uid=2000 gid=2000 euid=2000 suid=2000 fsuid=2000 egid=2000 sgid=2000 fsgid=2000 ses=4294967295 tty=pts0 comm="phonet_pnpipe_e" exe="/data/local/tmp/phonet_pnpipe_exploit" subj=u:r:shell:s0 key=(null)
audit(1772656581.790:405): proctitle="/data/local/tmp/phonet_pnpipe_exploit"
audit(1772656581.795:406): avc:  denied  { create } for  pid=7478 comm="phonet_pnpipe_e" scontext=u:r:shell:s0 tcontext=u:r:shell:s0 tclass=socket
audit(1772656581.795:406): arch=40000028 syscall=281 per=800000 success=no exit=-13 a0=25 a1=1 a2=fffffff9 a3=0 items=0 ppid=7477 pid=7478 auid=4294967295 uid=2000 gid=2000 euid=2000 suid=2000 fsuid=2000 egid=2000 sgid=2000 fsgid=2000 ses=4294967295 tty=pts0 comm="phonet_pnpipe_e" exe="/data/local/tmp/phonet_pnpipe_exploit" subj=u:r:shell:s0 key=(null)
audit(1772656581.795:406): proctitle="/data/local/tmp/phonet_pnpipe_exploit"
audit(1772656581.795:407): avc:  denied  { create } for  pid=7478 comm="phonet_pnpipe_e" scontext=u:r:shell:s0 tcontext=u:r:shell:s0 tclass=socket
audit(1772656581.795:407): arch=40000028 syscall=281 per=800000 success=no exit=-13 a0=25 a1=2 a2=fffffff9 a3=0 items=0 ppid=7477 pid=7478 auid=4294967295 uid=2000 gid=2000 euid=2000 suid=2000 fsuid=2000 egid=2000 sgid=2000 fsgid=2000 ses=4294967295 tty=pts0 comm="phonet_pnpipe_e" exe="/data/local/tmp/phonet_pnpipe_exploit" subj=u:r:shell:s0 key=(null)
audit(1772656581.795:407): proctitle="/data/local/tmp/phonet_pnpipe_exploit"
audit(1772656581.795:408): avc:  denied  { create } for  pid=7478 comm="phonet_pnpipe_e" scontext=u:r:shell:s0 tcontext=u:r:shell:s0 tclass=socket
audit(1772656581.795:408): arch=40000028 syscall=281 per=800000 success=no exit=-13 a0=25 a1=3 a2=fffffff9 a3=0 items=0 ppid=7477 pid=7478 auid=4294967295 uid=2000 gid=2000 euid=2000 suid=2000 fsuid=2000 egid=2000 sgid=2000 fsgid=2000 ses=4294967295 tty=pts0 comm="phonet_pnpipe_e" exe="/data/local/tmp/phonet_pnpipe_exploit" subj=u:r:shell:s0 key=(null)
audit(1772656581.795:408): proctitle="/data/local/tmp/phonet_pnpipe_exploit"
audit(1772656581.800:409): avc:  denied  { create } for  pid=7478 comm="phonet_pnpipe_e" scontext=u:r:shell:s0 tcontext=u:r:shell:s0 tclass=socket
audit(1772656581.800:409): arch=40000028 syscall=281 per=800000 success=no exit=-13 a0=25 a1=4 a2=fffffff9 a3=0 items=0 ppid=7477 pid=7478 auid=4294967295 uid=2000 gid=2000 euid=2000 suid=2000 fsuid=2000 egid=2000 sgid=2000 fsgid=2000 ses=4294967295 tty=pts0 comm="phonet_pnpipe_e" exe="/data/local/tmp/phonet_pnpipe_exploit" subj=u:r:shell:s0 key=(null)
audit(1772656581.800:409): proctitle="/data/local/tmp/phonet_pnpipe_exploit"
audit(1772656581.805:410): avc:  denied  { create } for  pid=7478 comm="phonet_pnpipe_e" scontext=u:r:shell:s0 tcontext=u:r:shell:s0 tclass=socket
audit(1772656581.805:410): arch=40000028 syscall=281 per=800000 success=no exit=-13 a0=25 a1=5 a2=fffffff9 a3=0 items=0 ppid=7477 pid=7478 auid=4294967295 uid=2000 gid=2000 euid=2000 suid=2000 fsuid=2000 egid=2000 sgid=2000 fsgid=2000 ses=4294967295 tty=pts0 comm="phonet_pnpipe_e" exe="/data/local/tmp/phonet_pnpipe_exploit" subj=u:r:shell:s0 key=(null)
audit(1772656581.805:410): proctitle="/data/local/tmp/phonet_pnpipe_exploit"
audit(1772656581.805:411): avc:  denied  { create } for  pid=7478 comm="phonet_pnpipe_e" scontext=u:r:shell:s0 tcontext=u:r:shell:s0 tclass=socket
audit(1772656581.805:411): arch=40000028 syscall=281 per=800000 success=no exit=-13 a0=25 a1=1 a2=fffffffa a3=0 items=0 ppid=7477 pid=7478 auid=4294967295 uid=2000 gid=2000 euid=2000 suid=2000 fsuid=2000 egid=2000 sgid=2000 fsgid=2000 ses=4294967295 tty=pts0 comm="phonet_pnpipe_e" exe="/data/local/tmp/phonet_pnpipe_exploit" subj=u:r:shell:s0 key=(null)
audit(1772656581.805:411): proctitle="/data/local/tmp/phonet_pnpipe_exploit"
audit(1772656581.810:412): avc:  denied  { create } for  pid=7478 comm="phonet_pnpipe_e" scontext=u:r:shell:s0 tcontext=u:r:shell:s0 tclass=socket
audit(1772656581.810:412): arch=40000028 syscall=281 per=800000 success=no exit=-13 a0=25 a1=2 a2=fffffffa a3=0 items=0 ppid=7477 pid=7478 auid=4294967295 uid=2000 gid=2000 euid=2000 suid=2000 fsuid=2000 egid=2000 sgid=2000 fsgid=2000 ses=4294967295 tty=pts0 comm="phonet_pnpipe_e" exe="/data/local/tmp/phonet_pnpipe_exploit" subj=u:r:shell:s0 key=(null)
audit(1772656581.810:412): proctitle="/data/local/tmp/phonet_pnpipe_exploit"
audit(1772656581.815:413): avc:  denied  { create } for  pid=7478 comm="phonet_pnpipe_e" scontext=u:r:shell:s0 tcontext=u:r:shell:s0 tclass=socket
audit(1772656581.815:413): arch=40000028 syscall=281 per=800000 success=no exit=-13 a0=25 a1=3 a2=fffffffa a3=0 items=0 ppid=7477 pid=7478 auid=4294967295 uid=2000 gid=2000 euid=2000 suid=2000 fsuid=2000 egid=2000 sgid=2000 fsgid=2000 ses=4294967295 tty=pts0 comm="phonet_pnpipe_e" exe="/data/local/tmp/phonet_pnpipe_exploit" subj=u:r:shell:s0 key=(null)
audit(1772656581.815:413): proctitle="/data/local/tmp/phonet_pnpipe_exploit"
audit(1772656581.820:414): avc:  denied  { create } for  pid=7478 comm="phonet_pnpipe_e" scontext=u:r:shell:s0 tcontext=u:r:shell:s0 tclass=socket
audit(1772656581.820:414): arch=40000028 syscall=281 per=800000 success=no exit=-13 a0=25 a1=4 a2=fffffffa a3=0 items=0 ppid=7477 pid=7478 auid=4294967295 uid=2000 gid=2000 euid=2000 suid=2000 fsuid=2000 egid=2000 sgid=2000 fsgid=2000 ses=4294967295 tty=pts0 comm="phonet_pnpipe_e" exe="/data/local/tmp/phonet_pnpipe_exploit" subj=u:r:shell:s0 key=(null)
audit(1772656581.820:414): proctitle="/data/local/tmp/phonet_pnpipe_exploit"
audit(1772656581.825:415): avc:  denied  { create } for  pid=7478 comm="phonet_pnpipe_e" scontext=u:r:shell:s0 tcontext=u:r:shell:s0 tclass=socket
audit(1772656581.825:415): arch=40000028 syscall=281 per=800000 success=no exit=-13 a0=25 a1=5 a2=fffffffa a3=0 items=0 ppid=7477 pid=7478 auid=4294967295 uid=2000 gid=2000 euid=2000 suid=2000 fsuid=2000 egid=2000 sgid=2000 fsgid=2000 ses=4294967295 tty=pts0 comm="phonet_pnpipe_e" exe="/data/local/tmp/phonet_pnpipe_exploit" subj=u:r:shell:s0 key=(null)
audit(1772656581.825:415): proctitle="/data/local/tmp/phonet_pnpipe_exploit"
audit(1772656581.825:416): avc:  denied  { create } for  pid=7478 comm="phonet_pnpipe_e" scontext=u:r:shell:s0 tcontext=u:r:shell:s0 tclass=socket
audit(1772656581.825:416): arch=40000028 syscall=281 per=800000 success=no exit=-13 a0=25 a1=1 a2=fffffffb a3=0 items=0 ppid=7477 pid=7478 auid=4294967295 uid=2000 gid=2000 euid=2000 suid=2000 fsuid=2000 egid=2000 sgid=2000 fsgid=2000 ses=4294967295 tty=pts0 comm="phonet_pnpipe_e" exe="/data/local/tmp/phonet_pnpipe_exploit" subj=u:r:shell:s0 key=(null)
audit(1772656581.825:416): proctitle="/data/local/tmp/phonet_pnpipe_exploit"
audit(1772656581.830:417): avc:  denied  { create } for  pid=7478 comm="phonet_pnpipe_e" scontext=u:r:shell:s0 tcontext=u:r:shell:s0 tclass=socket
audit(1772656581.830:417): arch=40000028 syscall=281 per=800000 success=no exit=-13 a0=25 a1=2 a2=fffffffb a3=0 items=0 ppid=7477 pid=7478 auid=4294967295 uid=2000 gid=2000 euid=2000 suid=2000 fsuid=2000 egid=2000 sgid=2000 fsgid=2000 ses=4294967295 tty=pts0 comm="phonet_pnpipe_e" exe="/data/local/tmp/phonet_pnpipe_exploit" subj=u:r:shell:s0 key=(null)
audit(1772656581.830:417): proctitle="/data/local/tmp/phonet_pnpipe_exploit"
audit(1772656581.830:418): avc:  denied  { create } for  pid=7478 comm="phonet_pnpipe_e" scontext=u:r:shell:s0 tcontext=u:r:shell:s0 tclass=socket
audit(1772656581.830:418): arch=40000028 syscall=281 per=800000 success=no exit=-13 a0=25 a1=3 a2=fffffffb a3=0 items=0 ppid=7477 pid=7478 auid=4294967295 uid=2000 gid=2000 euid=2000 suid=2000 fsuid=2000 egid=2000 sgid=2000 fsgid=2000 ses=4294967295 tty=pts0 comm="phonet_pnpipe_e" exe="/data/local/tmp/phonet_pnpipe_exploit" subj=u:r:shell:s0 key=(null)
audit(1772656581.830:418): proctitle="/data/local/tmp/phonet_pnpipe_exploit"
audit(1772656581.835:419): avc:  denied  { create } for  pid=7478 comm="phonet_pnpipe_e" scontext=u:r:shell:s0 tcontext=u:r:shell:s0 tclass=socket
audit(1772656581.835:419): arch=40000028 syscall=281 per=800000 success=no exit=-13 a0=25 a1=4 a2=fffffffb a3=0 items=0 ppid=7477 pid=7478 auid=4294967295 uid=2000 gid=2000 euid=2000 suid=2000 fsuid=2000 egid=2000 sgid=2000 fsgid=2000 ses=4294967295 tty=pts0 comm="phonet_pnpipe_e" exe="/data/local/tmp/phonet_pnpipe_exploit" subj=u:r:shell:s0 key=(null)
audit(1772656581.835:419): proctitle="/data/local/tmp/phonet_pnpipe_exploit"
audit(1772656581.835:420): avc:  denied  { create } for  pid=7478 comm="phonet_pnpipe_e" scontext=u:r:shell:s0 tcontext=u:r:shell:s0 tclass=socket
audit(1772656581.835:420): arch=40000028 syscall=281 per=800000 success=no exit=-13 a0=25 a1=5 a2=fffffffb a3=0 items=0 ppid=7477 pid=7478 auid=4294967295 uid=2000 gid=2000 euid=2000 suid=2000 fsuid=2000 egid=2000 sgid=2000 fsgid=2000 ses=4294967295 tty=pts0 comm="phonet_pnpipe_e" exe="/data/local/tmp/phonet_pnpipe_exploit" subj=u:r:shell:s0 key=(null)
audit(1772656581.835:420): proctitle="/data/local/tmp/phonet_pnpipe_exploit"
audit(1772656581.845:421): avc:  denied  { create } for  pid=7478 comm="phonet_pnpipe_e" scontext=u:r:shell:s0 tcontext=u:r:shell:s0 tclass=socket
audit(1772656581.845:421): arch=40000028 syscall=281 per=800000 success=no exit=-13 a0=25 a1=1 a2=fffffffc a3=0 items=0 ppid=7477 pid=7478 auid=4294967295 uid=2000 gid=2000 euid=2000 suid=2000 fsuid=2000 egid=2000 sgid=2000 fsgid=2000 ses=4294967295 tty=pts0 comm="phonet_pnpipe_e" exe="/data/local/tmp/phonet_pnpipe_exploit" subj=u:r:shell:s0 key=(null)
audit(1772656581.845:421): proctitle="/data/local/tmp/phonet_pnpipe_exploit"
audit(1772656581.850:422): avc:  denied  { create } for  pid=7478 comm="phonet_pnpipe_e" scontext=u:r:shell:s0 tcontext=u:r:shell:s0 tclass=socket
audit(1772656581.850:422): arch=40000028 syscall=281 per=800000 success=no exit=-13 a0=25 a1=2 a2=fffffffc a3=0 items=0 ppid=7477 pid=7478 auid=4294967295 uid=2000 gid=2000 euid=2000 suid=2000 fsuid=2000 egid=2000 sgid=2000 fsgid=2000 ses=4294967295 tty=pts0 comm="phonet_pnpipe_e" exe="/data/local/tmp/phonet_pnpipe_exploit" subj=u:r:shell:s0 key=(null)
audit(1772656581.850:422): proctitle="/data/local/tmp/phonet_pnpipe_exploit"
audit(1772656581.860:423): avc:  denied  { create } for  pid=7478 comm="phonet_pnpipe_e" scontext=u:r:shell:s0 tcontext=u:r:shell:s0 tclass=socket
audit(1772656581.860:423): arch=40000028 syscall=281 per=800000 success=no exit=-13 a0=25 a1=3 a2=fffffffc a3=0 items=0 ppid=7477 pid=7478 auid=4294967295 uid=2000 gid=2000 euid=2000 suid=2000 fsuid=2000 egid=2000 sgid=2000 fsgid=2000 ses=4294967295 tty=pts0 comm="phonet_pnpipe_e" exe="/data/local/tmp/phonet_pnpipe_exploit" subj=u:r:shell:s0 key=(null)
audit(1772656581.860:423): proctitle="/data/local/tmp/phonet_pnpipe_exploit"
audit(1772656581.860:424): avc:  denied  { create } for  pid=7478 comm="phonet_pnpipe_e" scontext=u:r:shell:s0 tcontext=u:r:shell:s0 tclass=socket
audit(1772656581.860:424): arch=40000028 syscall=281 per=800000 success=no exit=-13 a0=25 a1=4 a2=fffffffc a3=0 items=0 ppid=7477 pid=7478 auid=4294967295 uid=2000 gid=2000 euid=2000 suid=2000 fsuid=2000 egid=2000 sgid=2000 fsgid=2000 ses=4294967295 tty=pts0 comm="phonet_pnpipe_e" exe="/data/local/tmp/phonet_pnpipe_exploit" subj=u:r:shell:s0 key=(null)
audit(1772656581.860:424): proctitle="/data/local/tmp/phonet_pnpipe_exploit"
audit(1772656581.865:425): avc:  denied  { create } for  pid=7478 comm="phonet_pnpipe_e" scontext=u:r:shell:s0 tcontext=u:r:shell:s0 tclass=socket
audit(1772656581.865:425): arch=40000028 syscall=281 per=800000 success=no exit=-13 a0=25 a1=5 a2=fffffffc a3=0 items=0 ppid=7477 pid=7478 auid=4294967295 uid=2000 gid=2000 euid=2000 suid=2000 fsuid=2000 egid=2000 sgid=2000 fsgid=2000 ses=4294967295 tty=pts0 comm="phonet_pnpipe_e" exe="/data/local/tmp/phonet_pnpipe_exploit" subj=u:r:shell:s0 key=(null)
audit(1772656581.865:425): proctitle="/data/local/tmp/phonet_pnpipe_exploit"
audit(1772656581.865:426): avc:  denied  { create } for  pid=7478 comm="phonet_pnpipe_e" scontext=u:r:shell:s0 tcontext=u:r:shell:s0 tclass=socket
audit(1772656581.865:426): arch=40000028 syscall=281 per=800000 success=no exit=-13 a0=25 a1=1 a2=fffffffd a3=0 items=0 ppid=7477 pid=7478 auid=4294967295 uid=2000 gid=2000 euid=2000 suid=2000 fsuid=2000 egid=2000 sgid=2000 fsgid=2000 ses=4294967295 tty=pts0 comm="phonet_pnpipe_e" exe="/data/local/tmp/phonet_pnpipe_exploit" subj=u:r:shell:s0 key=(null)
audit(1772656581.865:426): proctitle="/data/local/tmp/phonet_pnpipe_exploit"
audit(1772656581.870:427): avc:  denied  { create } for  pid=7478 comm="phonet_pnpipe_e" scontext=u:r:shell:s0 tcontext=u:r:shell:s0 tclass=socket
audit(1772656581.870:427): arch=40000028 syscall=281 per=800000 success=no exit=-13 a0=25 a1=2 a2=fffffffd a3=0 items=0 ppid=7477 pid=7478 auid=4294967295 uid=2000 gid=2000 euid=2000 suid=2000 fsuid=2000 egid=2000 sgid=2000 fsgid=2000 ses=4294967295 tty=pts0 comm="phonet_pnpipe_e" exe="/data/local/tmp/phonet_pnpipe_exploit" subj=u:r:shell:s0 key=(null)
audit(1772656581.870:427): proctitle="/data/local/tmp/phonet_pnpipe_exploit"
audit(1772656581.870:428): avc:  denied  { create } for  pid=7478 comm="phonet_pnpipe_e" scontext=u:r:shell:s0 tcontext=u:r:shell:s0 tclass=socket
audit(1772656581.870:428): arch=40000028 syscall=281 per=800000 success=no exit=-13 a0=25 a1=3 a2=fffffffd a3=0 items=0 ppid=7477 pid=7478 auid=4294967295 uid=2000 gid=2000 euid=2000 suid=2000 fsuid=2000 egid=2000 sgid=2000 fsgid=2000 ses=4294967295 tty=pts0 comm="phonet_pnpipe_e" exe="/data/local/tmp/phonet_pnpipe_exploit" subj=u:r:shell:s0 key=(null)
audit(1772656581.870:428): proctitle="/data/local/tmp/phonet_pnpipe_exploit"
audit(1772656581.880:429): avc:  denied  { create } for  pid=7478 comm="phonet_pnpipe_e" scontext=u:r:shell:s0 tcontext=u:r:shell:s0 tclass=socket
audit(1772656581.880:429): arch=40000028 syscall=281 per=800000 success=no exit=-13 a0=25 a1=4 a2=fffffffd a3=0 items=0 ppid=7477 pid=7478 auid=4294967295 uid=2000 gid=2000 euid=2000 suid=2000 fsuid=2000 egid=2000 sgid=2000 fsgid=2000 ses=4294967295 tty=pts0 comm="phonet_pnpipe_e" exe="/data/local/tmp/phonet_pnpipe_exploit" subj=u:r:shell:s0 key=(null)
audit(1772656581.880:429): proctitle="/data/local/tmp/phonet_pnpipe_exploit"
audit(1772656581.885:430): avc:  denied  { create } for  pid=7478 comm="phonet_pnpipe_e" scontext=u:r:shell:s0 tcontext=u:r:shell:s0 tclass=socket
audit(1772656581.885:430): arch=40000028 syscall=281 per=800000 success=no exit=-13 a0=25 a1=5 a2=fffffffd a3=0 items=0 ppid=7477 pid=7478 auid=4294967295 uid=2000 gid=2000 euid=2000 suid=2000 fsuid=2000 egid=2000 sgid=2000 fsgid=2000 ses=4294967295 tty=pts0 comm="phonet_pnpipe_e" exe="/data/local/tmp/phonet_pnpipe_exploit" subj=u:r:shell:s0 key=(null)
audit(1772656581.885:430): proctitle="/data/local/tmp/phonet_pnpipe_exploit"
audit(1772656581.885:431): avc:  denied  { create } for  pid=7478 comm="phonet_pnpipe_e" scontext=u:r:shell:s0 tcontext=u:r:shell:s0 tclass=socket
audit(1772656581.885:431): arch=40000028 syscall=281 per=800000 success=no exit=-13 a0=25 a1=1 a2=fffffffe a3=0 items=0 ppid=7477 pid=7478 auid=4294967295 uid=2000 gid=2000 euid=2000 suid=2000 fsuid=2000 egid=2000 sgid=2000 fsgid=2000 ses=4294967295 tty=pts0 comm="phonet_pnpipe_e" exe="/data/local/tmp/phonet_pnpipe_exploit" subj=u:r:shell:s0 key=(null)
audit(1772656581.885:431): proctitle="/data/local/tmp/phonet_pnpipe_exploit"
audit(1772656581.890:432): avc:  denied  { create } for  pid=7478 comm="phonet_pnpipe_e" scontext=u:r:shell:s0 tcontext=u:r:shell:s0 tclass=socket
audit(1772656581.890:432): arch=40000028 syscall=281 per=800000 success=no exit=-13 a0=25 a1=2 a2=fffffffe a3=0 items=0 ppid=7477 pid=7478 auid=4294967295 uid=2000 gid=2000 euid=2000 suid=2000 fsuid=2000 egid=2000 sgid=2000 fsgid=2000 ses=4294967295 tty=pts0 comm="phonet_pnpipe_e" exe="/data/local/tmp/phonet_pnpipe_exploit" subj=u:r:shell:s0 key=(null)
audit(1772656581.890:432): proctitle="/data/local/tmp/phonet_pnpipe_exploit"
audit(1772656581.890:433): avc:  denied  { create } for  pid=7478 comm="phonet_pnpipe_e" scontext=u:r:shell:s0 tcontext=u:r:shell:s0 tclass=socket
audit(1772656581.890:433): arch=40000028 syscall=281 per=800000 success=no exit=-13 a0=25 a1=3 a2=fffffffe a3=0 items=0 ppid=7477 pid=7478 auid=4294967295 uid=2000 gid=2000 euid=2000 suid=2000 fsuid=2000 egid=2000 sgid=2000 fsgid=2000 ses=4294967295 tty=pts0 comm="phonet_pnpipe_e" exe="/data/local/tmp/phonet_pnpipe_exploit" subj=u:r:shell:s0 key=(null)
audit(1772656581.890:433): proctitle="/data/local/tmp/phonet_pnpipe_exploit"
audit(1772656581.890:434): avc:  denied  { create } for  pid=7478 comm="phonet_pnpipe_e" scontext=u:r:shell:s0 tcontext=u:r:shell:s0 tclass=socket
audit(1772656581.890:434): arch=40000028 syscall=281 per=800000 success=no exit=-13 a0=25 a1=4 a2=fffffffe a3=0 items=0 ppid=7477 pid=7478 auid=4294967295 uid=2000 gid=2000 euid=2000 suid=2000 fsuid=2000 egid=2000 sgid=2000 fsgid=2000 ses=4294967295 tty=pts0 comm="phonet_pnpipe_e" exe="/data/local/tmp/phonet_pnpipe_exploit" subj=u:r:shell:s0 key=(null)
audit(1772656581.890:434): proctitle="/data/local/tmp/phonet_pnpipe_exploit"
audit(1772656581.895:435): avc:  denied  { create } for  pid=7478 comm="phonet_pnpipe_e" scontext=u:r:shell:s0 tcontext=u:r:shell:s0 tclass=socket
audit(1772656581.895:435): arch=40000028 syscall=281 per=800000 success=no exit=-13 a0=25 a1=5 a2=fffffffe a3=0 items=0 ppid=7477 pid=7478 auid=4294967295 uid=2000 gid=2000 euid=2000 suid=2000 fsuid=2000 egid=2000 sgid=2000 fsgid=2000 ses=4294967295 tty=pts0 comm="phonet_pnpipe_e" exe="/data/local/tmp/phonet_pnpipe_exploit" subj=u:r:shell:s0 key=(null)
audit(1772656581.895:435): proctitle="/data/local/tmp/phonet_pnpipe_exploit"
audit(1772656581.900:436): avc:  denied  { create } for  pid=7478 comm="phonet_pnpipe_e" scontext=u:r:shell:s0 tcontext=u:r:shell:s0 tclass=socket
audit(1772656581.900:436): arch=40000028 syscall=281 per=800000 success=no exit=-13 a0=25 a1=1 a2=ffffffff a3=0 items=0 ppid=7477 pid=7478 auid=4294967295 uid=2000 gid=2000 euid=2000 suid=2000 fsuid=2000 egid=2000 sgid=2000 fsgid=2000 ses=4294967295 tty=pts0 comm="phonet_pnpipe_e" exe="/data/local/tmp/phonet_pnpipe_exploit" subj=u:r:shell:s0 key=(null)
audit(1772656581.900:436): proctitle="/data/local/tmp/phonet_pnpipe_exploit"
audit(1772656581.905:437): avc:  denied  { create } for  pid=7478 comm="phonet_pnpipe_e" scontext=u:r:shell:s0 tcontext=u:r:shell:s0 tclass=socket
audit(1772656581.905:437): arch=40000028 syscall=281 per=800000 success=no exit=-13 a0=25 a1=2 a2=ffffffff a3=0 items=0 ppid=7477 pid=7478 auid=4294967295 uid=2000 gid=2000 euid=2000 suid=2000 fsuid=2000 egid=2000 sgid=2000 fsgid=2000 ses=4294967295 tty=pts0 comm="phonet_pnpipe_e" exe="/data/local/tmp/phonet_pnpipe_exploit" subj=u:r:shell:s0 key=(null)
audit(1772656581.905:437): proctitle="/data/local/tmp/phonet_pnpipe_exploit"
audit(1772656581.905:438): avc:  denied  { create } for  pid=7478 comm="phonet_pnpipe_e" scontext=u:r:shell:s0 tcontext=u:r:shell:s0 tclass=socket
audit(1772656581.905:438): arch=40000028 syscall=281 per=800000 success=no exit=-13 a0=25 a1=3 a2=ffffffff a3=0 items=0 ppid=7477 pid=7478 auid=4294967295 uid=2000 gid=2000 euid=2000 suid=2000 fsuid=2000 egid=2000 sgid=2000 fsgid=2000 ses=4294967295 tty=pts0 comm="phonet_pnpipe_e" exe="/data/local/tmp/phonet_pnpipe_exploit" subj=u:r:shell:s0 key=(null)
audit(1772656581.905:438): proctitle="/data/local/tmp/phonet_pnpipe_exploit"
audit(1772656581.910:439): avc:  denied  { create } for  pid=7478 comm="phonet_pnpipe_e" scontext=u:r:shell:s0 tcontext=u:r:shell:s0 tclass=socket
audit(1772656581.910:439): arch=40000028 syscall=281 per=800000 success=no exit=-13 a0=25 a1=4 a2=ffffffff a3=0 items=0 ppid=7477 pid=7478 auid=4294967295 uid=2000 gid=2000 euid=2000 suid=2000 fsuid=2000 egid=2000 sgid=2000 fsgid=2000 ses=4294967295 tty=pts0 comm="phonet_pnpipe_e" exe="/data/local/tmp/phonet_pnpipe_exploit" subj=u:r:shell:s0 key=(null)
audit(1772656581.910:439): proctitle="/data/local/tmp/phonet_pnpipe_exploit"
audit(1772656581.915:440): avc:  denied  { create } for  pid=7478 comm="phonet_pnpipe_e" scontext=u:r:shell:s0 tcontext=u:r:shell:s0 tclass=socket
audit(1772656581.915:440): arch=40000028 syscall=281 per=800000 success=no exit=-13 a0=25 a1=5 a2=ffffffff a3=0 items=0 ppid=7477 pid=7478 auid=4294967295 uid=2000 gid=2000 euid=2000 suid=2000 fsuid=2000 egid=2000 sgid=2000 fsgid=2000 ses=4294967295 tty=pts0 comm="phonet_pnpipe_e" exe="/data/local/tmp/phonet_pnpipe_exploit" subj=u:r:shell:s0 key=(null)
audit(1772656581.915:440): proctitle="/data/local/tmp/phonet_pnpipe_exploit"
audit(1772656581.920:441): avc:  denied  { create } for  pid=7478 comm="phonet_pnpipe_e" scontext=u:r:shell:s0 tcontext=u:r:shell:s0 tclass=socket
audit(1772656581.920:441): arch=40000028 syscall=281 per=800000 success=no exit=-13 a0=25 a1=1 a2=0 a3=0 items=0 ppid=7477 pid=7478 auid=4294967295 uid=2000 gid=2000 euid=2000 suid=2000 fsuid=2000 egid=2000 sgid=2000 fsgid=2000 ses=4294967295 tty=pts0 comm="phonet_pnpipe_e" exe="/data/local/tmp/phonet_pnpipe_exploit" subj=u:r:shell:s0 key=(null)
audit(1772656581.920:441): proctitle="/data/local/tmp/phonet_pnpipe_exploit"
audit(1772656581.920:442): avc:  denied  { create } for  pid=7478 comm="phonet_pnpipe_e" scontext=u:r:shell:s0 tcontext=u:r:shell:s0 tclass=socket
audit(1772656581.920:442): arch=40000028 syscall=281 per=800000 success=no exit=-13 a0=25 a1=2 a2=0 a3=0 items=0 ppid=7477 pid=7478 auid=4294967295 uid=2000 gid=2000 euid=2000 suid=2000 fsuid=2000 egid=2000 sgid=2000 fsgid=2000 ses=4294967295 tty=pts0 comm="phonet_pnpipe_e" exe="/data/local/tmp/phonet_pnpipe_exploit" subj=u:r:shell:s0 key=(null)
audit(1772656581.920:442): proctitle="/data/local/tmp/phonet_pnpipe_exploit"
audit(1772656581.940:443): avc:  denied  { create } for  pid=7478 comm="phonet_pnpipe_e" scontext=u:r:shell:s0 tcontext=u:r:shell:s0 tclass=socket
audit(1772656581.940:443): arch=40000028 syscall=281 per=800000 success=no exit=-13 a0=25 a1=3 a2=0 a3=0 items=0 ppid=7477 pid=7478 auid=4294967295 uid=2000 gid=2000 euid=2000 suid=2000 fsuid=2000 egid=2000 sgid=2000 fsgid=2000 ses=4294967295 tty=pts0 comm="phonet_pnpipe_e" exe="/data/local/tmp/phonet_pnpipe_exploit" subj=u:r:shell:s0 key=(null)
audit(1772656581.940:443): proctitle="/data/local/tmp/phonet_pnpipe_exploit"
audit(1772656581.945:444): avc:  denied  { create } for  pid=7478 comm="phonet_pnpipe_e" scontext=u:r:shell:s0 tcontext=u:r:shell:s0 tclass=socket
audit(1772656581.945:444): arch=40000028 syscall=281 per=800000 success=no exit=-13 a0=25 a1=4 a2=0 a3=0 items=0 ppid=7477 pid=7478 auid=4294967295 uid=2000 gid=2000 euid=2000 suid=2000 fsuid=2000 egid=2000 sgid=2000 fsgid=2000 ses=4294967295 tty=pts0 comm="phonet_pnpipe_e" exe="/data/local/tmp/phonet_pnpipe_exploit" subj=u:r:shell:s0 key=(null)
audit(1772656581.945:444): proctitle="/data/local/tmp/phonet_pnpipe_exploit"
audit(1772656581.945:445): avc:  denied  { create } for  pid=7478 comm="phonet_pnpipe_e" scontext=u:r:shell:s0 tcontext=u:r:shell:s0 tclass=socket
audit(1772656581.945:445): arch=40000028 syscall=281 per=800000 success=no exit=-13 a0=25 a1=5 a2=0 a3=0 items=0 ppid=7477 pid=7478 auid=4294967295 uid=2000 gid=2000 euid=2000 suid=2000 fsuid=2000 egid=2000 sgid=2000 fsgid=2000 ses=4294967295 tty=pts0 comm="phonet_pnpipe_e" exe="/data/local/tmp/phonet_pnpipe_exploit" subj=u:r:shell:s0 key=(null)
audit(1772656581.945:445): proctitle="/data/local/tmp/phonet_pnpipe_exploit"
audit(1772656581.950:446): avc:  denied  { create } for  pid=7478 comm="phonet_pnpipe_e" scontext=u:r:shell:s0 tcontext=u:r:shell:s0 tclass=netlink_socket
audit(1772656581.950:446): arch=40000028 syscall=281 per=800000 success=no exit=-13 a0=10 a1=1 a2=fffffff6 a3=0 items=0 ppid=7477 pid=7478 auid=4294967295 uid=2000 gid=2000 euid=2000 suid=2000 fsuid=2000 egid=2000 sgid=2000 fsgid=2000 ses=4294967295 tty=pts0 comm="phonet_pnpipe_e" exe="/data/local/tmp/phonet_pnpipe_exploit" subj=u:r:shell:s0 key=(null)
audit(1772656581.950:446): proctitle="/data/local/tmp/phonet_pnpipe_exploit"
audit(1772656581.955:447): avc:  denied  { create } for  pid=7478 comm="phonet_pnpipe_e" scontext=u:r:shell:s0 tcontext=u:r:shell:s0 tclass=netlink_socket
audit(1772656581.955:447): arch=40000028 syscall=281 per=800000 success=no exit=-13 a0=10 a1=2 a2=fffffff6 a3=0 items=0 ppid=7477 pid=7478 auid=4294967295 uid=2000 gid=2000 euid=2000 suid=2000 fsuid=2000 egid=2000 sgid=2000 fsgid=2000 ses=4294967295 tty=pts0 comm="phonet_pnpipe_e" exe="/data/local/tmp/phonet_pnpipe_exploit" subj=u:r:shell:s0 key=(null)
audit(1772656581.955:447): proctitle="/data/local/tmp/phonet_pnpipe_exploit"
audit(1772656581.965:448): avc:  denied  { create } for  pid=7478 comm="phonet_pnpipe_e" scontext=u:r:shell:s0 tcontext=u:r:shell:s0 tclass=netlink_socket
audit(1772656581.965:448): arch=40000028 syscall=281 per=800000 success=no exit=-13 a0=10 a1=3 a2=fffffff6 a3=0 items=0 ppid=7477 pid=7478 auid=4294967295 uid=2000 gid=2000 euid=2000 suid=2000 fsuid=2000 egid=2000 sgid=2000 fsgid=2000 ses=4294967295 tty=pts0 comm="phonet_pnpipe_e" exe="/data/local/tmp/phonet_pnpipe_exploit" subj=u:r:shell:s0 key=(null)
audit(1772656581.965:448): proctitle="/data/local/tmp/phonet_pnpipe_exploit"
audit(1772656581.965:449): avc:  denied  { create } for  pid=7478 comm="phonet_pnpipe_e" scontext=u:r:shell:s0 tcontext=u:r:shell:s0 tclass=netlink_socket
audit(1772656581.965:449): arch=40000028 syscall=281 per=800000 success=no exit=-13 a0=10 a1=4 a2=fffffff6 a3=0 items=0 ppid=7477 pid=7478 auid=4294967295 uid=2000 gid=2000 euid=2000 suid=2000 fsuid=2000 egid=2000 sgid=2000 fsgid=2000 ses=4294967295 tty=pts0 comm="phonet_pnpipe_e" exe="/data/local/tmp/phonet_pnpipe_exploit" subj=u:r:shell:s0 key=(null)
audit(1772656581.965:449): proctitle="/data/local/tmp/phonet_pnpipe_exploit"
audit(1772656581.970:450): avc:  denied  { create } for  pid=7478 comm="phonet_pnpipe_e" scontext=u:r:shell:s0 tcontext=u:r:shell:s0 tclass=netlink_socket
audit(1772656581.970:450): arch=40000028 syscall=281 per=800000 success=no exit=-13 a0=10 a1=5 a2=fffffff6 a3=0 items=0 ppid=7477 pid=7478 auid=4294967295 uid=2000 gid=2000 euid=2000 suid=2000 fsuid=2000 egid=2000 sgid=2000 fsgid=2000 ses=4294967295 tty=pts0 comm="phonet_pnpipe_e" exe="/data/local/tmp/phonet_pnpipe_exploit" subj=u:r:shell:s0 key=(null)
audit(1772656581.970:450): proctitle="/data/local/tmp/phonet_pnpipe_exploit"
audit(1772656581.975:451): avc:  denied  { create } for  pid=7478 comm="phonet_pnpipe_e" scontext=u:r:shell:s0 tcontext=u:r:shell:s0 tclass=netlink_socket
audit(1772656581.975:451): arch=40000028 syscall=281 per=800000 success=no exit=-13 a0=10 a1=1 a2=fffffff7 a3=0 items=0 ppid=7477 pid=7478 auid=4294967295 uid=2000 gid=2000 euid=2000 suid=2000 fsuid=2000 egid=2000 sgid=2000 fsgid=2000 ses=4294967295 tty=pts0 comm="phonet_pnpipe_e" exe="/data/local/tmp/phonet_pnpipe_exploit" subj=u:r:shell:s0 key=(null)
audit(1772656581.975:451): proctitle="/data/local/tmp/phonet_pnpipe_exploit"
audit(1772656581.975:452): avc:  denied  { create } for  pid=7478 comm="phonet_pnpipe_e" scontext=u:r:shell:s0 tcontext=u:r:shell:s0 tclass=netlink_socket
audit(1772656581.975:452): arch=40000028 syscall=281 per=800000 success=no exit=-13 a0=10 a1=2 a2=fffffff7 a3=0 items=0 ppid=7477 pid=7478 auid=4294967295 uid=2000 gid=2000 euid=2000 suid=2000 fsuid=2000 egid=2000 sgid=2000 fsgid=2000 ses=4294967295 tty=pts0 comm="phonet_pnpipe_e" exe="/data/local/tmp/phonet_pnpipe_exploit" subj=u:r:shell:s0 key=(null)
audit(1772656581.975:452): proctitle="/data/local/tmp/phonet_pnpipe_exploit"
audit(1772656581.980:453): avc:  denied  { create } for  pid=7478 comm="phonet_pnpipe_e" scontext=u:r:shell:s0 tcontext=u:r:shell:s0 tclass=netlink_socket
audit(1772656581.980:453): arch=40000028 syscall=281 per=800000 success=no exit=-13 a0=10 a1=3 a2=fffffff7 a3=0 items=0 ppid=7477 pid=7478 auid=4294967295 uid=2000 gid=2000 euid=2000 suid=2000 fsuid=2000 egid=2000 sgid=2000 fsgid=2000 ses=4294967295 tty=pts0 comm="phonet_pnpipe_e" exe="/data/local/tmp/phonet_pnpipe_exploit" subj=u:r:shell:s0 key=(null)
audit(1772656581.980:453): proctitle="/data/local/tmp/phonet_pnpipe_exploit"
audit(1772656581.985:454): avc:  denied  { create } for  pid=7478 comm="phonet_pnpipe_e" scontext=u:r:shell:s0 tcontext=u:r:shell:s0 tclass=netlink_socket
audit(1772656581.985:454): arch=40000028 syscall=281 per=800000 success=no exit=-13 a0=10 a1=4 a2=fffffff7 a3=0 items=0 ppid=7477 pid=7478 auid=4294967295 uid=2000 gid=2000 euid=2000 suid=2000 fsuid=2000 egid=2000 sgid=2000 fsgid=2000 ses=4294967295 tty=pts0 comm="phonet_pnpipe_e" exe="/data/local/tmp/phonet_pnpipe_exploit" subj=u:r:shell:s0 key=(null)
audit(1772656581.985:454): proctitle="/data/local/tmp/phonet_pnpipe_exploit"
audit(1772656581.995:455): avc:  denied  { create } for  pid=7478 comm="phonet_pnpipe_e" scontext=u:r:shell:s0 tcontext=u:r:shell:s0 tclass=netlink_socket
audit(1772656581.995:455): arch=40000028 syscall=281 per=800000 success=no exit=-13 a0=10 a1=5 a2=fffffff7 a3=0 items=0 ppid=7477 pid=7478 auid=4294967295 uid=2000 gid=2000 euid=2000 suid=2000 fsuid=2000 egid=2000 sgid=2000 fsgid=2000 ses=4294967295 tty=pts0 comm="phonet_pnpipe_e" exe="/data/local/tmp/phonet_pnpipe_exploit" subj=u:r:shell:s0 key=(null)
audit(1772656581.995:455): proctitle="/data/local/tmp/phonet_pnpipe_exploit"
audit(1772656581.995:456): avc:  denied  { create } for  pid=7478 comm="phonet_pnpipe_e" scontext=u:r:shell:s0 tcontext=u:r:shell:s0 tclass=netlink_socket
audit(1772656581.995:456): arch=40000028 syscall=281 per=800000 success=no exit=-13 a0=10 a1=1 a2=fffffff8 a3=0 items=0 ppid=7477 pid=7478 auid=4294967295 uid=2000 gid=2000 euid=2000 suid=2000 fsuid=2000 egid=2000 sgid=2000 fsgid=2000 ses=4294967295 tty=pts0 comm="phonet_pnpipe_e" exe="/data/local/tmp/phonet_pnpipe_exploit" subj=u:r:shell:s0 key=(null)
audit(1772656581.995:456): proctitle="/data/local/tmp/phonet_pnpipe_exploit"
audit(1772656582.000:457): avc:  denied  { create } for  pid=7478 comm="phonet_pnpipe_e" scontext=u:r:shell:s0 tcontext=u:r:shell:s0 tclass=netlink_socket
audit(1772656582.000:457): arch=40000028 syscall=281 per=800000 success=no exit=-13 a0=10 a1=2 a2=fffffff8 a3=0 items=0 ppid=7477 pid=7478 auid=4294967295 uid=2000 gid=2000 euid=2000 suid=2000 fsuid=2000 egid=2000 sgid=2000 fsgid=2000 ses=4294967295 tty=pts0 comm="phonet_pnpipe_e" exe="/data/local/tmp/phonet_pnpipe_exploit" subj=u:r:shell:s0 key=(null)
audit(1772656582.000:457): proctitle="/data/local/tmp/phonet_pnpipe_exploit"
audit(1772656582.000:458): avc:  denied  { create } for  pid=7478 comm="phonet_pnpipe_e" scontext=u:r:shell:s0 tcontext=u:r:shell:s0 tclass=netlink_socket
audit(1772656582.000:458): arch=40000028 syscall=281 per=800000 success=no exit=-13 a0=10 a1=3 a2=fffffff8 a3=0 items=0 ppid=7477 pid=7478 auid=4294967295 uid=2000 gid=2000 euid=2000 suid=2000 fsuid=2000 egid=2000 sgid=2000 fsgid=2000 ses=4294967295 tty=pts0 comm="phonet_pnpipe_e" exe="/data/local/tmp/phonet_pnpipe_exploit" subj=u:r:shell:s0 key=(null)
audit(1772656582.000:458): proctitle="/data/local/tmp/phonet_pnpipe_exploit"
audit(1772656582.005:459): avc:  denied  { create } for  pid=7478 comm="phonet_pnpipe_e" scontext=u:r:shell:s0 tcontext=u:r:shell:s0 tclass=netlink_socket
audit(1772656582.005:459): arch=40000028 syscall=281 per=800000 success=no exit=-13 a0=10 a1=4 a2=fffffff8 a3=0 items=0 ppid=7477 pid=7478 auid=4294967295 uid=2000 gid=2000 euid=2000 suid=2000 fsuid=2000 egid=2000 sgid=2000 fsgid=2000 ses=4294967295 tty=pts0 comm="phonet_pnpipe_e" exe="/data/local/tmp/phonet_pnpipe_exploit" subj=u:r:shell:s0 key=(null)
audit(1772656582.005:459): proctitle="/data/local/tmp/phonet_pnpipe_exploit"
audit(1772656582.010:460): avc:  denied  { create } for  pid=7478 comm="phonet_pnpipe_e" scontext=u:r:shell:s0 tcontext=u:r:shell:s0 tclass=netlink_socket
audit(1772656582.010:460): arch=40000028 syscall=281 per=800000 success=no exit=-13 a0=10 a1=5 a2=fffffff8 a3=0 items=0 ppid=7477 pid=7478 auid=4294967295 uid=2000 gid=2000 euid=2000 suid=2000 fsuid=2000 egid=2000 sgid=2000 fsgid=2000 ses=4294967295 tty=pts0 comm="phonet_pnpipe_e" exe="/data/local/tmp/phonet_pnpipe_exploit" subj=u:r:shell:s0 key=(null)
audit(1772656582.010:460): proctitle="/data/local/tmp/phonet_pnpipe_exploit"
audit(1772656582.010:461): avc:  denied  { create } for  pid=7478 comm="phonet_pnpipe_e" scontext=u:r:shell:s0 tcontext=u:r:shell:s0 tclass=netlink_socket
audit(1772656582.010:461): arch=40000028 syscall=281 per=800000 success=no exit=-13 a0=10 a1=1 a2=fffffff9 a3=0 items=0 ppid=7477 pid=7478 auid=4294967295 uid=2000 gid=2000 euid=2000 suid=2000 fsuid=2000 egid=2000 sgid=2000 fsgid=2000 ses=4294967295 tty=pts0 comm="phonet_pnpipe_e" exe="/data/local/tmp/phonet_pnpipe_exploit" subj=u:r:shell:s0 key=(null)
audit(1772656582.010:461): proctitle="/data/local/tmp/phonet_pnpipe_exploit"
audit(1772656582.015:462): avc:  denied  { create } for  pid=7478 comm="phonet_pnpipe_e" scontext=u:r:shell:s0 tcontext=u:r:shell:s0 tclass=netlink_socket
audit(1772656582.015:462): arch=40000028 syscall=281 per=800000 success=no exit=-13 a0=10 a1=2 a2=fffffff9 a3=0 items=0 ppid=7477 pid=7478 auid=4294967295 uid=2000 gid=2000 euid=2000 suid=2000 fsuid=2000 egid=2000 sgid=2000 fsgid=2000 ses=4294967295 tty=pts0 comm="phonet_pnpipe_e" exe="/data/local/tmp/phonet_pnpipe_exploit" subj=u:r:shell:s0 key=(null)
audit(1772656582.015:462): proctitle="/data/local/tmp/phonet_pnpipe_exploit"
audit(1772656582.015:463): avc:  denied  { create } for  pid=7478 comm="phonet_pnpipe_e" scontext=u:r:shell:s0 tcontext=u:r:shell:s0 tclass=netlink_socket
audit(1772656582.015:463): arch=40000028 syscall=281 per=800000 success=no exit=-13 a0=10 a1=3 a2=fffffff9 a3=0 items=0 ppid=7477 pid=7478 auid=4294967295 uid=2000 gid=2000 euid=2000 suid=2000 fsuid=2000 egid=2000 sgid=2000 fsgid=2000 ses=4294967295 tty=pts0 comm="phonet_pnpipe_e" exe="/data/local/tmp/phonet_pnpipe_exploit" subj=u:r:shell:s0 key=(null)
audit(1772656582.015:463): proctitle="/data/local/tmp/phonet_pnpipe_exploit"
audit(1772656582.020:464): avc:  denied  { create } for  pid=7478 comm="phonet_pnpipe_e" scontext=u:r:shell:s0 tcontext=u:r:shell:s0 tclass=netlink_socket
audit(1772656582.020:464): arch=40000028 syscall=281 per=800000 success=no exit=-13 a0=10 a1=4 a2=fffffff9 a3=0 items=0 ppid=7477 pid=7478 auid=4294967295 uid=2000 gid=2000 euid=2000 suid=2000 fsuid=2000 egid=2000 sgid=2000 fsgid=2000 ses=4294967295 tty=pts0 comm="phonet_pnpipe_e" exe="/data/local/tmp/phonet_pnpipe_exploit" subj=u:r:shell:s0 key=(null)
audit(1772656582.020:464): proctitle="/data/local/tmp/phonet_pnpipe_exploit"
audit(1772656582.020:465): avc:  denied  { create } for  pid=7478 comm="phonet_pnpipe_e" scontext=u:r:shell:s0 tcontext=u:r:shell:s0 tclass=netlink_socket
audit(1772656582.020:465): arch=40000028 syscall=281 per=800000 success=no exit=-13 a0=10 a1=5 a2=fffffff9 a3=0 items=0 ppid=7477 pid=7478 auid=4294967295 uid=2000 gid=2000 euid=2000 suid=2000 fsuid=2000 egid=2000 sgid=2000 fsgid=2000 ses=4294967295 tty=pts0 comm="phonet_pnpipe_e" exe="/data/local/tmp/phonet_pnpipe_exploit" subj=u:r:shell:s0 key=(null)
audit(1772656582.020:465): proctitle="/data/local/tmp/phonet_pnpipe_exploit"
audit(1772656582.025:466): avc:  denied  { create } for  pid=7478 comm="phonet_pnpipe_e" scontext=u:r:shell:s0 tcontext=u:r:shell:s0 tclass=netlink_socket
audit(1772656582.025:466): arch=40000028 syscall=281 per=800000 success=no exit=-13 a0=10 a1=1 a2=fffffffa a3=0 items=0 ppid=7477 pid=7478 auid=4294967295 uid=2000 gid=2000 euid=2000 suid=2000 fsuid=2000 egid=2000 sgid=2000 fsgid=2000 ses=4294967295 tty=pts0 comm="phonet_pnpipe_e" exe="/data/local/tmp/phonet_pnpipe_exploit" subj=u:r:shell:s0 key=(null)
audit(1772656582.025:466): proctitle="/data/local/tmp/phonet_pnpipe_exploit"
audit(1772656582.025:467): avc:  denied  { create } for  pid=7478 comm="phonet_pnpipe_e" scontext=u:r:shell:s0 tcontext=u:r:shell:s0 tclass=netlink_socket
audit(1772656582.025:467): arch=40000028 syscall=281 per=800000 success=no exit=-13 a0=10 a1=2 a2=fffffffa a3=0 items=0 ppid=7477 pid=7478 auid=4294967295 uid=2000 gid=2000 euid=2000 suid=2000 fsuid=2000 egid=2000 sgid=2000 fsgid=2000 ses=4294967295 tty=pts0 comm="phonet_pnpipe_e" exe="/data/local/tmp/phonet_pnpipe_exploit" subj=u:r:shell:s0 key=(null)
audit(1772656582.025:467): proctitle="/data/local/tmp/phonet_pnpipe_exploit"
audit(1772656582.030:468): avc:  denied  { create } for  pid=7478 comm="phonet_pnpipe_e" scontext=u:r:shell:s0 tcontext=u:r:shell:s0 tclass=netlink_socket
audit(1772656582.030:468): arch=40000028 syscall=281 per=800000 success=no exit=-13 a0=10 a1=3 a2=fffffffa a3=0 items=0 ppid=7477 pid=7478 auid=4294967295 uid=2000 gid=2000 euid=2000 suid=2000 fsuid=2000 egid=2000 sgid=2000 fsgid=2000 ses=4294967295 tty=pts0 comm="phonet_pnpipe_e" exe="/data/local/tmp/phonet_pnpipe_exploit" subj=u:r:shell:s0 key=(null)
audit(1772656582.030:468): proctitle="/data/local/tmp/phonet_pnpipe_exploit"
audit(1772656582.035:469): avc:  denied  { create } for  pid=7478 comm="phonet_pnpipe_e" scontext=u:r:shell:s0 tcontext=u:r:shell:s0 tclass=netlink_socket
audit(1772656582.035:469): arch=40000028 syscall=281 per=800000 success=no exit=-13 a0=10 a1=4 a2=fffffffa a3=0 items=0 ppid=7477 pid=7478 auid=4294967295 uid=2000 gid=2000 euid=2000 suid=2000 fsuid=2000 egid=2000 sgid=2000 fsgid=2000 ses=4294967295 tty=pts0 comm="phonet_pnpipe_e" exe="/data/local/tmp/phonet_pnpipe_exploit" subj=u:r:shell:s0 key=(null)
audit(1772656582.035:469): proctitle="/data/local/tmp/phonet_pnpipe_exploit"
audit(1772656582.035:470): avc:  denied  { create } for  pid=7478 comm="phonet_pnpipe_e" scontext=u:r:shell:s0 tcontext=u:r:shell:s0 tclass=netlink_socket
audit(1772656582.035:470): arch=40000028 syscall=281 per=800000 success=no exit=-13 a0=10 a1=5 a2=fffffffa a3=0 items=0 ppid=7477 pid=7478 auid=4294967295 uid=2000 gid=2000 euid=2000 suid=2000 fsuid=2000 egid=2000 sgid=2000 fsgid=2000 ses=4294967295 tty=pts0 comm="phonet_pnpipe_e" exe="/data/local/tmp/phonet_pnpipe_exploit" subj=u:r:shell:s0 key=(null)
audit(1772656582.035:470): proctitle="/data/local/tmp/phonet_pnpipe_exploit"
audit(1772656582.040:471): avc:  denied  { create } for  pid=7478 comm="phonet_pnpipe_e" scontext=u:r:shell:s0 tcontext=u:r:shell:s0 tclass=netlink_socket
audit(1772656582.040:471): arch=40000028 syscall=281 per=800000 success=no exit=-13 a0=10 a1=1 a2=fffffffb a3=0 items=0 ppid=7477 pid=7478 auid=4294967295 uid=2000 gid=2000 euid=2000 suid=2000 fsuid=2000 egid=2000 sgid=2000 fsgid=2000 ses=4294967295 tty=pts0 comm="phonet_pnpipe_e" exe="/data/local/tmp/phonet_pnpipe_exploit" subj=u:r:shell:s0 key=(null)
audit(1772656582.040:471): proctitle="/data/local/tmp/phonet_pnpipe_exploit"
audit(1772656582.040:472): avc:  denied  { create } for  pid=7478 comm="phonet_pnpipe_e" scontext=u:r:shell:s0 tcontext=u:r:shell:s0 tclass=netlink_socket
audit(1772656582.040:472): arch=40000028 syscall=281 per=800000 success=no exit=-13 a0=10 a1=2 a2=fffffffb a3=0 items=0 ppid=7477 pid=7478 auid=4294967295 uid=2000 gid=2000 euid=2000 suid=2000 fsuid=2000 egid=2000 sgid=2000 fsgid=2000 ses=4294967295 tty=pts0 comm="phonet_pnpipe_e" exe="/data/local/tmp/phonet_pnpipe_exploit" subj=u:r:shell:s0 key=(null)
audit(1772656582.040:472): proctitle="/data/local/tmp/phonet_pnpipe_exploit"
audit(1772656582.040:473): avc:  denied  { create } for  pid=7478 comm="phonet_pnpipe_e" scontext=u:r:shell:s0 tcontext=u:r:shell:s0 tclass=netlink_socket
audit(1772656582.040:473): arch=40000028 syscall=281 per=800000 success=no exit=-13 a0=10 a1=3 a2=fffffffb a3=0 items=0 ppid=7477 pid=7478 auid=4294967295 uid=2000 gid=2000 euid=2000 suid=2000 fsuid=2000 egid=2000 sgid=2000 fsgid=2000 ses=4294967295 tty=pts0 comm="phonet_pnpipe_e" exe="/data/local/tmp/phonet_pnpipe_exploit" subj=u:r:shell:s0 key=(null)
audit(1772656582.040:473): proctitle="/data/local/tmp/phonet_pnpipe_exploit"
audit(1772656582.045:474): avc:  denied  { create } for  pid=7478 comm="phonet_pnpipe_e" scontext=u:r:shell:s0 tcontext=u:r:shell:s0 tclass=netlink_socket
audit(1772656582.045:474): arch=40000028 syscall=281 per=800000 success=no exit=-13 a0=10 a1=4 a2=fffffffb a3=0 items=0 ppid=7477 pid=7478 auid=4294967295 uid=2000 gid=2000 euid=2000 suid=2000 fsuid=2000 egid=2000 sgid=2000 fsgid=2000 ses=4294967295 tty=pts0 comm="phonet_pnpipe_e" exe="/data/local/tmp/phonet_pnpipe_exploit" subj=u:r:shell:s0 key=(null)
audit(1772656582.045:474): proctitle="/data/local/tmp/phonet_pnpipe_exploit"
audit(1772656582.050:475): avc:  denied  { create } for  pid=7478 comm="phonet_pnpipe_e" scontext=u:r:shell:s0 tcontext=u:r:shell:s0 tclass=netlink_socket
audit(1772656582.050:475): arch=40000028 syscall=281 per=800000 success=no exit=-13 a0=10 a1=5 a2=fffffffb a3=0 items=0 ppid=7477 pid=7478 auid=4294967295 uid=2000 gid=2000 euid=2000 suid=2000 fsuid=2000 egid=2000 sgid=2000 fsgid=2000 ses=4294967295 tty=pts0 comm="phonet_pnpipe_e" exe="/data/local/tmp/phonet_pnpipe_exploit" subj=u:r:shell:s0 key=(null)
audit(1772656582.050:475): proctitle="/data/local/tmp/phonet_pnpipe_exploit"
audit(1772656582.050:476): avc:  denied  { create } for  pid=7478 comm="phonet_pnpipe_e" scontext=u:r:shell:s0 tcontext=u:r:shell:s0 tclass=netlink_socket
audit(1772656582.050:476): arch=40000028 syscall=281 per=800000 success=no exit=-13 a0=10 a1=1 a2=fffffffc a3=0 items=0 ppid=7477 pid=7478 auid=4294967295 uid=2000 gid=2000 euid=2000 suid=2000 fsuid=2000 egid=2000 sgid=2000 fsgid=2000 ses=4294967295 tty=pts0 comm="phonet_pnpipe_e" exe="/data/local/tmp/phonet_pnpipe_exploit" subj=u:r:shell:s0 key=(null)
audit(1772656582.050:476): proctitle="/data/local/tmp/phonet_pnpipe_exploit"
audit(1772656582.055:477): avc:  denied  { create } for  pid=7478 comm="phonet_pnpipe_e" scontext=u:r:shell:s0 tcontext=u:r:shell:s0 tclass=netlink_socket
audit(1772656582.055:477): arch=40000028 syscall=281 per=800000 success=no exit=-13 a0=10 a1=2 a2=fffffffc a3=0 items=0 ppid=7477 pid=7478 auid=4294967295 uid=2000 gid=2000 euid=2000 suid=2000 fsuid=2000 egid=2000 sgid=2000 fsgid=2000 ses=4294967295 tty=pts0 comm="phonet_pnpipe_e" exe="/data/local/tmp/phonet_pnpipe_exploit" subj=u:r:shell:s0 key=(null)
audit(1772656582.055:477): proctitle="/data/local/tmp/phonet_pnpipe_exploit"
audit(1772656582.055:478): avc:  denied  { create } for  pid=7478 comm="phonet_pnpipe_e" scontext=u:r:shell:s0 tcontext=u:r:shell:s0 tclass=netlink_socket
audit(1772656582.055:478): arch=40000028 syscall=281 per=800000 success=no exit=-13 a0=10 a1=3 a2=fffffffc a3=0 items=0 ppid=7477 pid=7478 auid=4294967295 uid=2000 gid=2000 euid=2000 suid=2000 fsuid=2000 egid=2000 sgid=2000 fsgid=2000 ses=4294967295 tty=pts0 comm="phonet_pnpipe_e" exe="/data/local/tmp/phonet_pnpipe_exploit" subj=u:r:shell:s0 key=(null)
audit(1772656582.055:478): proctitle="/data/local/tmp/phonet_pnpipe_exploit"
audit(1772656582.060:479): avc:  denied  { create } for  pid=7478 comm="phonet_pnpipe_e" scontext=u:r:shell:s0 tcontext=u:r:shell:s0 tclass=netlink_socket
audit(1772656582.060:479): arch=40000028 syscall=281 per=800000 success=no exit=-13 a0=10 a1=4 a2=fffffffc a3=0 items=0 ppid=7477 pid=7478 auid=4294967295 uid=2000 gid=2000 euid=2000 suid=2000 fsuid=2000 egid=2000 sgid=2000 fsgid=2000 ses=4294967295 tty=pts0 comm="phonet_pnpipe_e" exe="/data/local/tmp/phonet_pnpipe_exploit" subj=u:r:shell:s0 key=(null)
audit(1772656582.060:479): proctitle="/data/local/tmp/phonet_pnpipe_exploit"
audit(1772656582.060:480): avc:  denied  { create } for  pid=7478 comm="phonet_pnpipe_e" scontext=u:r:shell:s0 tcontext=u:r:shell:s0 tclass=netlink_socket
audit(1772656582.060:480): arch=40000028 syscall=281 per=800000 success=no exit=-13 a0=10 a1=5 a2=fffffffc a3=0 items=0 ppid=7477 pid=7478 auid=4294967295 uid=2000 gid=2000 euid=2000 suid=2000 fsuid=2000 egid=2000 sgid=2000 fsgid=2000 ses=4294967295 tty=pts0 comm="phonet_pnpipe_e" exe="/data/local/tmp/phonet_pnpipe_exploit" subj=u:r:shell:s0 key=(null)
audit(1772656582.060:480): proctitle="/data/local/tmp/phonet_pnpipe_exploit"
audit(1772656582.065:481): avc:  denied  { create } for  pid=7478 comm="phonet_pnpipe_e" scontext=u:r:shell:s0 tcontext=u:r:shell:s0 tclass=netlink_socket
audit(1772656582.065:481): arch=40000028 syscall=281 per=800000 success=no exit=-13 a0=10 a1=1 a2=fffffffd a3=0 items=0 ppid=7477 pid=7478 auid=4294967295 uid=2000 gid=2000 euid=2000 suid=2000 fsuid=2000 egid=2000 sgid=2000 fsgid=2000 ses=4294967295 tty=pts0 comm="phonet_pnpipe_e" exe="/data/local/tmp/phonet_pnpipe_exploit" subj=u:r:shell:s0 key=(null)
audit(1772656582.065:481): proctitle="/data/local/tmp/phonet_pnpipe_exploit"
audit(1772656582.065:482): avc:  denied  { create } for  pid=7478 comm="phonet_pnpipe_e" scontext=u:r:shell:s0 tcontext=u:r:shell:s0 tclass=netlink_socket
audit(1772656582.065:482): arch=40000028 syscall=281 per=800000 success=no exit=-13 a0=10 a1=2 a2=fffffffd a3=0 items=0 ppid=7477 pid=7478 auid=4294967295 uid=2000 gid=2000 euid=2000 suid=2000 fsuid=2000 egid=2000 sgid=2000 fsgid=2000 ses=4294967295 tty=pts0 comm="phonet_pnpipe_e" exe="/data/local/tmp/phonet_pnpipe_exploit" subj=u:r:shell:s0 key=(null)
audit(1772656582.065:482): proctitle="/data/local/tmp/phonet_pnpipe_exploit"
audit(1772656582.075:483): avc:  denied  { create } for  pid=7478 comm="phonet_pnpipe_e" scontext=u:r:shell:s0 tcontext=u:r:shell:s0 tclass=netlink_socket
audit(1772656582.075:483): arch=40000028 syscall=281 per=800000 success=no exit=-13 a0=10 a1=3 a2=fffffffd a3=0 items=0 ppid=7477 pid=7478 auid=4294967295 uid=2000 gid=2000 euid=2000 suid=2000 fsuid=2000 egid=2000 sgid=2000 fsgid=2000 ses=4294967295 tty=pts0 comm="phonet_pnpipe_e" exe="/data/local/tmp/phonet_pnpipe_exploit" subj=u:r:shell:s0 key=(null)
audit(1772656582.075:483): proctitle="/data/local/tmp/phonet_pnpipe_exploit"
audit(1772656582.080:484): avc:  denied  { create } for  pid=7478 comm="phonet_pnpipe_e" scontext=u:r:shell:s0 tcontext=u:r:shell:s0 tclass=netlink_socket
audit(1772656582.080:484): arch=40000028 syscall=281 per=800000 success=no exit=-13 a0=10 a1=4 a2=fffffffd a3=0 items=0 ppid=7477 pid=7478 auid=4294967295 uid=2000 gid=2000 euid=2000 suid=2000 fsuid=2000 egid=2000 sgid=2000 fsgid=2000 ses=4294967295 tty=pts0 comm="phonet_pnpipe_e" exe="/data/local/tmp/phonet_pnpipe_exploit" subj=u:r:shell:s0 key=(null)
audit(1772656582.080:484): proctitle="/data/local/tmp/phonet_pnpipe_exploit"
audit(1772656582.080:485): avc:  denied  { create } for  pid=7478 comm="phonet_pnpipe_e" scontext=u:r:shell:s0 tcontext=u:r:shell:s0 tclass=netlink_socket
audit(1772656582.080:485): arch=40000028 syscall=281 per=800000 success=no exit=-13 a0=10 a1=5 a2=fffffffd a3=0 items=0 ppid=7477 pid=7478 auid=4294967295 uid=2000 gid=2000 euid=2000 suid=2000 fsuid=2000 egid=2000 sgid=2000 fsgid=2000 ses=4294967295 tty=pts0 comm="phonet_pnpipe_e" exe="/data/local/tmp/phonet_pnpipe_exploit" subj=u:r:shell:s0 key=(null)
audit(1772656582.080:485): proctitle="/data/local/tmp/phonet_pnpipe_exploit"
audit(1772656582.090:486): avc:  denied  { create } for  pid=7478 comm="phonet_pnpipe_e" scontext=u:r:shell:s0 tcontext=u:r:shell:s0 tclass=netlink_socket
audit(1772656582.090:486): arch=40000028 syscall=281 per=800000 success=no exit=-13 a0=10 a1=1 a2=fffffffe a3=0 items=0 ppid=7477 pid=7478 auid=4294967295 uid=2000 gid=2000 euid=2000 suid=2000 fsuid=2000 egid=2000 sgid=2000 fsgid=2000 ses=4294967295 tty=pts0 comm="phonet_pnpipe_e" exe="/data/local/tmp/phonet_pnpipe_exploit" subj=u:r:shell:s0 key=(null)
audit(1772656582.090:486): proctitle="/data/local/tmp/phonet_pnpipe_exploit"
audit(1772656582.095:487): avc:  denied  { create } for  pid=7478 comm="phonet_pnpipe_e" scontext=u:r:shell:s0 tcontext=u:r:shell:s0 tclass=netlink_socket
audit(1772656582.095:487): arch=40000028 syscall=281 per=800000 success=no exit=-13 a0=10 a1=2 a2=fffffffe a3=0 items=0 ppid=7477 pid=7478 auid=4294967295 uid=2000 gid=2000 euid=2000 suid=2000 fsuid=2000 egid=2000 sgid=2000 fsgid=2000 ses=4294967295 tty=pts0 comm="phonet_pnpipe_e" exe="/data/local/tmp/phonet_pnpipe_exploit" subj=u:r:shell:s0 key=(null)
audit(1772656582.095:487): proctitle="/data/local/tmp/phonet_pnpipe_exploit"
audit(1772656582.110:488): avc:  denied  { create } for  pid=7478 comm="phonet_pnpipe_e" scontext=u:r:shell:s0 tcontext=u:r:shell:s0 tclass=netlink_socket
audit(1772656582.110:488): arch=40000028 syscall=281 per=800000 success=no exit=-13 a0=10 a1=3 a2=fffffffe a3=0 items=0 ppid=7477 pid=7478 auid=4294967295 uid=2000 gid=2000 euid=2000 suid=2000 fsuid=2000 egid=2000 sgid=2000 fsgid=2000 ses=4294967295 tty=pts0 comm="phonet_pnpipe_e" exe="/data/local/tmp/phonet_pnpipe_exploit" subj=u:r:shell:s0 key=(null)
audit(1772656582.110:488): proctitle="/data/local/tmp/phonet_pnpipe_exploit"
audit(1772656582.120:489): avc:  denied  { create } for  pid=7478 comm="phonet_pnpipe_e" scontext=u:r:shell:s0 tcontext=u:r:shell:s0 tclass=netlink_socket
audit(1772656582.120:489): arch=40000028 syscall=281 per=800000 success=no exit=-13 a0=10 a1=4 a2=fffffffe a3=0 items=0 ppid=7477 pid=7478 auid=4294967295 uid=2000 gid=2000 euid=2000 suid=2000 fsuid=2000 egid=2000 sgid=2000 fsgid=2000 ses=4294967295 tty=pts0 comm="phonet_pnpipe_e" exe="/data/local/tmp/phonet_pnpipe_exploit" subj=u:r:shell:s0 key=(null)
audit(1772656582.120:489): proctitle="/data/local/tmp/phonet_pnpipe_exploit"
audit(1772656582.135:490): avc:  denied  { create } for  pid=7478 comm="phonet_pnpipe_e" scontext=u:r:shell:s0 tcontext=u:r:shell:s0 tclass=netlink_socket
audit(1772656582.135:490): arch=40000028 syscall=281 per=800000 success=no exit=-13 a0=10 a1=5 a2=fffffffe a3=0 items=0 ppid=7477 pid=7478 auid=4294967295 uid=2000 gid=2000 euid=2000 suid=2000 fsuid=2000 egid=2000 sgid=2000 fsgid=2000 ses=4294967295 tty=pts0 comm="phonet_pnpipe_e" exe="/data/local/tmp/phonet_pnpipe_exploit" subj=u:r:shell:s0 key=(null)
audit(1772656582.135:490): proctitle="/data/local/tmp/phonet_pnpipe_exploit"
audit(1772656582.140:491): avc:  denied  { create } for  pid=7478 comm="phonet_pnpipe_e" scontext=u:r:shell:s0 tcontext=u:r:shell:s0 tclass=netlink_socket
audit(1772656582.140:491): arch=40000028 syscall=281 per=800000 success=no exit=-13 a0=10 a1=1 a2=ffffffff a3=0 items=0 ppid=7477 pid=7478 auid=4294967295 uid=2000 gid=2000 euid=2000 suid=2000 fsuid=2000 egid=2000 sgid=2000 fsgid=2000 ses=4294967295 tty=pts0 comm="phonet_pnpipe_e" exe="/data/local/tmp/phonet_pnpipe_exploit" subj=u:r:shell:s0 key=(null)
audit(1772656582.140:491): proctitle="/data/local/tmp/phonet_pnpipe_exploit"
audit(1772656582.145:492): avc:  denied  { create } for  pid=7478 comm="phonet_pnpipe_e" scontext=u:r:shell:s0 tcontext=u:r:shell:s0 tclass=netlink_socket
audit(1772656582.145:492): arch=40000028 syscall=281 per=800000 success=no exit=-13 a0=10 a1=2 a2=ffffffff a3=0 items=0 ppid=7477 pid=7478 auid=4294967295 uid=2000 gid=2000 euid=2000 suid=2000 fsuid=2000 egid=2000 sgid=2000 fsgid=2000 ses=4294967295 tty=pts0 comm="phonet_pnpipe_e" exe="/data/local/tmp/phonet_pnpipe_exploit" subj=u:r:shell:s0 key=(null)
audit(1772656582.145:492): proctitle="/data/local/tmp/phonet_pnpipe_exploit"
audit(1772656582.145:493): avc:  denied  { create } for  pid=7478 comm="phonet_pnpipe_e" scontext=u:r:shell:s0 tcontext=u:r:shell:s0 tclass=netlink_socket
audit(1772656582.145:493): arch=40000028 syscall=281 per=800000 success=no exit=-13 a0=10 a1=3 a2=ffffffff a3=0 items=0 ppid=7477 pid=7478 auid=4294967295 uid=2000 gid=2000 euid=2000 suid=2000 fsuid=2000 egid=2000 sgid=2000 fsgid=2000 ses=4294967295 tty=pts0 comm="phonet_pnpipe_e" exe="/data/local/tmp/phonet_pnpipe_exploit" subj=u:r:shell:s0 key=(null)
audit(1772656582.145:493): proctitle="/data/local/tmp/phonet_pnpipe_exploit"
audit(1772656582.155:494): avc:  denied  { create } for  pid=7478 comm="phonet_pnpipe_e" scontext=u:r:shell:s0 tcontext=u:r:shell:s0 tclass=netlink_socket
audit(1772656582.155:494): arch=40000028 syscall=281 per=800000 success=no exit=-13 a0=10 a1=4 a2=ffffffff a3=0 items=0 ppid=7477 pid=7478 auid=4294967295 uid=2000 gid=2000 euid=2000 suid=2000 fsuid=2000 egid=2000 sgid=2000 fsgid=2000 ses=4294967295 tty=pts0 comm="phonet_pnpipe_e" exe="/data/local/tmp/phonet_pnpipe_exploit" subj=u:r:shell:s0 key=(null)
audit(1772656582.155:494): proctitle="/data/local/tmp/phonet_pnpipe_exploit"
audit(1772656582.160:495): avc:  denied  { create } for  pid=7478 comm="phonet_pnpipe_e" scontext=u:r:shell:s0 tcontext=u:r:shell:s0 tclass=netlink_socket
audit(1772656582.160:495): arch=40000028 syscall=281 per=800000 success=no exit=-13 a0=10 a1=5 a2=ffffffff a3=0 items=0 ppid=7477 pid=7478 auid=4294967295 uid=2000 gid=2000 euid=2000 suid=2000 fsuid=2000 egid=2000 sgid=2000 fsgid=2000 ses=4294967295 tty=pts0 comm="phonet_pnpipe_e" exe="/data/local/tmp/phonet_pnpipe_exploit" subj=u:r:shell:s0 key=(null)
audit(1772656582.160:495): proctitle="/data/local/tmp/phonet_pnpipe_exploit"
audit(1772656582.165:496): avc:  denied  { create } for  pid=7478 comm="phonet_pnpipe_e" scontext=u:r:shell:s0 tcontext=u:r:shell:s0 tclass=socket
audit(1772656582.165:496): arch=40000028 syscall=281 per=800000 success=no exit=-13 a0=1 a1=3 a2=fffffff6 a3=0 items=0 ppid=7477 pid=7478 auid=4294967295 uid=2000 gid=2000 euid=2000 suid=2000 fsuid=2000 egid=2000 sgid=2000 fsgid=2000 ses=4294967295 tty=pts0 comm="phonet_pnpipe_e" exe="/data/local/tmp/phonet_pnpipe_exploit" subj=u:r:shell:s0 key=(null)
audit(1772656582.165:496): proctitle="/data/local/tmp/phonet_pnpipe_exploit"
audit(1772656582.165:497): avc:  denied  { create } for  pid=7478 comm="phonet_pnpipe_e" scontext=u:r:shell:s0 tcontext=u:r:shell:s0 tclass=socket
audit(1772656582.165:497): arch=40000028 syscall=281 per=800000 success=no exit=-13 a0=1 a1=4 a2=fffffff6 a3=0 items=0 ppid=7477 pid=7478 auid=4294967295 uid=2000 gid=2000 euid=2000 suid=2000 fsuid=2000 egid=2000 sgid=2000 fsgid=2000 ses=4294967295 tty=pts0 comm="phonet_pnpipe_e" exe="/data/local/tmp/phonet_pnpipe_exploit" subj=u:r:shell:s0 key=(null)
audit(1772656582.165:497): proctitle="/data/local/tmp/phonet_pnpipe_exploit"
audit(1772656582.170:498): avc:  denied  { create } for  pid=7478 comm="phonet_pnpipe_e" scontext=u:r:shell:s0 tcontext=u:r:shell:s0 tclass=socket
audit(1772656582.170:498): arch=40000028 syscall=281 per=800000 success=no exit=-13 a0=1 a1=3 a2=fffffff7 a3=0 items=0 ppid=7477 pid=7478 auid=4294967295 uid=2000 gid=2000 euid=2000 suid=2000 fsuid=2000 egid=2000 sgid=2000 fsgid=2000 ses=4294967295 tty=pts0 comm="phonet_pnpipe_e" exe="/data/local/tmp/phonet_pnpipe_exploit" subj=u:r:shell:s0 key=(null)
audit(1772656582.170:498): proctitle="/data/local/tmp/phonet_pnpipe_exploit"
audit(1772656582.175:499): avc:  denied  { create } for  pid=7478 comm="phonet_pnpipe_e" scontext=u:r:shell:s0 tcontext=u:r:shell:s0 tclass=socket
audit(1772656582.175:499): arch=40000028 syscall=281 per=800000 success=no exit=-13 a0=1 a1=4 a2=fffffff7 a3=0 items=0 ppid=7477 pid=7478 auid=4294967295 uid=2000 gid=2000 euid=2000 suid=2000 fsuid=2000 egid=2000 sgid=2000 fsgid=2000 ses=4294967295 tty=pts0 comm="phonet_pnpipe_e" exe="/data/local/tmp/phonet_pnpipe_exploit" subj=u:r:shell:s0 key=(null)
audit(1772656582.175:499): proctitle="/data/local/tmp/phonet_pnpipe_exploit"
audit(1772656582.185:500): avc:  denied  { create } for  pid=7478 comm="phonet_pnpipe_e" scontext=u:r:shell:s0 tcontext=u:r:shell:s0 tclass=socket
audit(1772656582.185:500): arch=40000028 syscall=281 per=800000 success=no exit=-13 a0=1 a1=3 a2=fffffff8 a3=0 items=0 ppid=7477 pid=7478 auid=4294967295 uid=2000 gid=2000 euid=2000 suid=2000 fsuid=2000 egid=2000 sgid=2000 fsgid=2000 ses=4294967295 tty=pts0 comm="phonet_pnpipe_e" exe="/data/local/tmp/phonet_pnpipe_exploit" subj=u:r:shell:s0 key=(null)
audit(1772656582.185:500): proctitle="/data/local/tmp/phonet_pnpipe_exploit"
audit(1772656582.190:501): avc:  denied  { create } for  pid=7478 comm="phonet_pnpipe_e" scontext=u:r:shell:s0 tcontext=u:r:shell:s0 tclass=socket
audit(1772656582.190:501): arch=40000028 syscall=281 per=800000 success=no exit=-13 a0=1 a1=4 a2=fffffff8 a3=0 items=0 ppid=7477 pid=7478 auid=4294967295 uid=2000 gid=2000 euid=2000 suid=2000 fsuid=2000 egid=2000 sgid=2000 fsgid=2000 ses=4294967295 tty=pts0 comm="phonet_pnpipe_e" exe="/data/local/tmp/phonet_pnpipe_exploit" subj=u:r:shell:s0 key=(null)
audit(1772656582.190:501): proctitle="/data/local/tmp/phonet_pnpipe_exploit"
audit(1772656582.195:502): avc:  denied  { create } for  pid=7478 comm="phonet_pnpipe_e" scontext=u:r:shell:s0 tcontext=u:r:shell:s0 tclass=socket
audit(1772656582.195:502): arch=40000028 syscall=281 per=800000 success=no exit=-13 a0=1 a1=3 a2=fffffff9 a3=0 items=0 ppid=7477 pid=7478 auid=4294967295 uid=2000 gid=2000 euid=2000 suid=2000 fsuid=2000 egid=2000 sgid=2000 fsgid=2000 ses=4294967295 tty=pts0 comm="phonet_pnpipe_e" exe="/data/local/tmp/phonet_pnpipe_exploit" subj=u:r:shell:s0 key=(null)
audit(1772656582.195:502): proctitle="/data/local/tmp/phonet_pnpipe_exploit"
audit(1772656582.200:503): avc:  denied  { create } for  pid=7478 comm="phonet_pnpipe_e" scontext=u:r:shell:s0 tcontext=u:r:shell:s0 tclass=socket
audit(1772656582.200:503): arch=40000028 syscall=281 per=800000 success=no exit=-13 a0=1 a1=4 a2=fffffff9 a3=0 items=0 ppid=7477 pid=7478 auid=4294967295 uid=2000 gid=2000 euid=2000 suid=2000 fsuid=2000 egid=2000 sgid=2000 fsgid=2000 ses=4294967295 tty=pts0 comm="phonet_pnpipe_e" exe="/data/local/tmp/phonet_pnpipe_exploit" subj=u:r:shell:s0 key=(null)
audit(1772656582.200:503): proctitle="/data/local/tmp/phonet_pnpipe_exploit"
audit(1772656582.205:504): avc:  denied  { create } for  pid=7478 comm="phonet_pnpipe_e" scontext=u:r:shell:s0 tcontext=u:r:shell:s0 tclass=socket
audit(1772656582.205:504): arch=40000028 syscall=281 per=800000 success=no exit=-13 a0=1 a1=3 a2=fffffffa a3=0 items=0 ppid=7477 pid=7478 auid=4294967295 uid=2000 gid=2000 euid=2000 suid=2000 fsuid=2000 egid=2000 sgid=2000 fsgid=2000 ses=4294967295 tty=pts0 comm="phonet_pnpipe_e" exe="/data/local/tmp/phonet_pnpipe_exploit" subj=u:r:shell:s0 key=(null)
audit(1772656582.205:504): proctitle="/data/local/tmp/phonet_pnpipe_exploit"
audit(1772656582.205:505): avc:  denied  { create } for  pid=7478 comm="phonet_pnpipe_e" scontext=u:r:shell:s0 tcontext=u:r:shell:s0 tclass=socket
audit(1772656582.205:505): arch=40000028 syscall=281 per=800000 success=no exit=-13 a0=1 a1=4 a2=fffffffa a3=0 items=0 ppid=7477 pid=7478 auid=4294967295 uid=2000 gid=2000 euid=2000 suid=2000 fsuid=2000 egid=2000 sgid=2000 fsgid=2000 ses=4294967295 tty=pts0 comm="phonet_pnpipe_e" exe="/data/local/tmp/phonet_pnpipe_exploit" subj=u:r:shell:s0 key=(null)
audit(1772656582.205:505): proctitle="/data/local/tmp/phonet_pnpipe_exploit"
audit(1772656582.210:506): avc:  denied  { create } for  pid=7478 comm="phonet_pnpipe_e" scontext=u:r:shell:s0 tcontext=u:r:shell:s0 tclass=socket
audit(1772656582.210:506): arch=40000028 syscall=281 per=800000 success=no exit=-13 a0=1 a1=3 a2=fffffffb a3=0 items=0 ppid=7477 pid=7478 auid=4294967295 uid=2000 gid=2000 euid=2000 suid=2000 fsuid=2000 egid=2000 sgid=2000 fsgid=2000 ses=4294967295 tty=pts0 comm="phonet_pnpipe_e" exe="/data/local/tmp/phonet_pnpipe_exploit" subj=u:r:shell:s0 key=(null)
audit(1772656582.210:506): proctitle="/data/local/tmp/phonet_pnpipe_exploit"
audit(1772656582.225:507): avc:  denied  { create } for  pid=7478 comm="phonet_pnpipe_e" scontext=u:r:shell:s0 tcontext=u:r:shell:s0 tclass=socket
audit(1772656582.225:507): arch=40000028 syscall=281 per=800000 success=no exit=-13 a0=1 a1=4 a2=fffffffb a3=0 items=0 ppid=7477 pid=7478 auid=4294967295 uid=2000 gid=2000 euid=2000 suid=2000 fsuid=2000 egid=2000 sgid=2000 fsgid=2000 ses=4294967295 tty=pts0 comm="phonet_pnpipe_e" exe="/data/local/tmp/phonet_pnpipe_exploit" subj=u:r:shell:s0 key=(null)
audit(1772656582.225:507): proctitle="/data/local/tmp/phonet_pnpipe_exploit"
audit(1772656582.235:508): avc:  denied  { create } for  pid=7478 comm="phonet_pnpipe_e" scontext=u:r:shell:s0 tcontext=u:r:shell:s0 tclass=socket
audit(1772656582.235:508): arch=40000028 syscall=281 per=800000 success=no exit=-13 a0=1 a1=3 a2=fffffffc a3=0 items=0 ppid=7477 pid=7478 auid=4294967295 uid=2000 gid=2000 euid=2000 suid=2000 fsuid=2000 egid=2000 sgid=2000 fsgid=2000 ses=4294967295 tty=pts0 comm="phonet_pnpipe_e" exe="/data/local/tmp/phonet_pnpipe_exploit" subj=u:r:shell:s0 key=(null)
audit(1772656582.235:508): proctitle="/data/local/tmp/phonet_pnpipe_exploit"
audit(1772656582.240:509): avc:  denied  { create } for  pid=7478 comm="phonet_pnpipe_e" scontext=u:r:shell:s0 tcontext=u:r:shell:s0 tclass=socket
audit(1772656582.240:509): arch=40000028 syscall=281 per=800000 success=no exit=-13 a0=1 a1=4 a2=fffffffc a3=0 items=0 ppid=7477 pid=7478 auid=4294967295 uid=2000 gid=2000 euid=2000 suid=2000 fsuid=2000 egid=2000 sgid=2000 fsgid=2000 ses=4294967295 tty=pts0 comm="phonet_pnpipe_e" exe="/data/local/tmp/phonet_pnpipe_exploit" subj=u:r:shell:s0 key=(null)
audit(1772656582.240:509): proctitle="/data/local/tmp/phonet_pnpipe_exploit"
audit(1772656582.245:510): avc:  denied  { create } for  pid=7478 comm="phonet_pnpipe_e" scontext=u:r:shell:s0 tcontext=u:r:shell:s0 tclass=socket
audit(1772656582.245:510): arch=40000028 syscall=281 per=800000 success=no exit=-13 a0=1 a1=3 a2=fffffffd a3=0 items=0 ppid=7477 pid=7478 auid=4294967295 uid=2000 gid=2000 euid=2000 suid=2000 fsuid=2000 egid=2000 sgid=2000 fsgid=2000 ses=4294967295 tty=pts0 comm="phonet_pnpipe_e" exe="/data/local/tmp/phonet_pnpipe_exploit" subj=u:r:shell:s0 key=(null)
audit(1772656582.245:510): proctitle="/data/local/tmp/phonet_pnpipe_exploit"
audit(1772656582.250:511): avc:  denied  { create } for  pid=7478 comm="phonet_pnpipe_e" scontext=u:r:shell:s0 tcontext=u:r:shell:s0 tclass=socket
audit(1772656582.250:511): arch=40000028 syscall=281 per=800000 success=no exit=-13 a0=1 a1=4 a2=fffffffd a3=0 items=0 ppid=7477 pid=7478 auid=4294967295 uid=2000 gid=2000 euid=2000 suid=2000 fsuid=2000 egid=2000 sgid=2000 fsgid=2000 ses=4294967295 tty=pts0 comm="phonet_pnpipe_e" exe="/data/local/tmp/phonet_pnpipe_exploit" subj=u:r:shell:s0 key=(null)
audit(1772656582.250:511): proctitle="/data/local/tmp/phonet_pnpipe_exploit"
audit(1772656582.255:512): avc:  denied  { create } for  pid=7478 comm="phonet_pnpipe_e" scontext=u:r:shell:s0 tcontext=u:r:shell:s0 tclass=socket
audit(1772656582.255:512): arch=40000028 syscall=281 per=800000 success=no exit=-13 a0=1 a1=3 a2=fffffffe a3=0 items=0 ppid=7477 pid=7478 auid=4294967295 uid=2000 gid=2000 euid=2000 suid=2000 fsuid=2000 egid=2000 sgid=2000 fsgid=2000 ses=4294967295 tty=pts0 comm="phonet_pnpipe_e" exe="/data/local/tmp/phonet_pnpipe_exploit" subj=u:r:shell:s0 key=(null)
audit(1772656582.255:512): proctitle="/data/local/tmp/phonet_pnpipe_exploit"
audit(1772656582.260:513): avc:  denied  { create } for  pid=7478 comm="phonet_pnpipe_e" scontext=u:r:shell:s0 tcontext=u:r:shell:s0 tclass=socket
audit(1772656582.260:513): arch=40000028 syscall=281 per=800000 success=no exit=-13 a0=1 a1=4 a2=fffffffe a3=0 items=0 ppid=7477 pid=7478 auid=4294967295 uid=2000 gid=2000 euid=2000 suid=2000 fsuid=2000 egid=2000 sgid=2000 fsgid=2000 ses=4294967295 tty=pts0 comm="phonet_pnpipe_e" exe="/data/local/tmp/phonet_pnpipe_exploit" subj=u:r:shell:s0 key=(null)
audit(1772656582.260:513): proctitle="/data/local/tmp/phonet_pnpipe_exploit"
audit(1772656582.260:514): avc:  denied  { create } for  pid=7478 comm="phonet_pnpipe_e" scontext=u:r:shell:s0 tcontext=u:r:shell:s0 tclass=socket
audit(1772656582.260:514): arch=40000028 syscall=281 per=800000 success=no exit=-13 a0=1 a1=3 a2=ffffffff a3=0 items=0 ppid=7477 pid=7478 auid=4294967295 uid=2000 gid=2000 euid=2000 suid=2000 fsuid=2000 egid=2000 sgid=2000 fsgid=2000 ses=4294967295 tty=pts0 comm="phonet_pnpipe_e" exe="/data/local/tmp/phonet_pnpipe_exploit" subj=u:r:shell:s0 key=(null)
audit(1772656582.260:514): proctitle="/data/local/tmp/phonet_pnpipe_exploit"
audit(1772656582.265:515): avc:  denied  { create } for  pid=7478 comm="phonet_pnpipe_e" scontext=u:r:shell:s0 tcontext=u:r:shell:s0 tclass=socket
audit(1772656582.265:515): arch=40000028 syscall=281 per=800000 success=no exit=-13 a0=1 a1=4 a2=ffffffff a3=0 items=0 ppid=7477 pid=7478 auid=4294967295 uid=2000 gid=2000 euid=2000 suid=2000 fsuid=2000 egid=2000 sgid=2000 fsgid=2000 ses=4294967295 tty=pts0 comm="phonet_pnpipe_e" exe="/data/local/tmp/phonet_pnpipe_exploit" subj=u:r:shell:s0 key=(null)
audit(1772656582.265:515): proctitle="/data/local/tmp/phonet_pnpipe_exploit"
audit(1772656582.265:516): avc:  denied  { create } for  pid=7478 comm="phonet_pnpipe_e" scontext=u:r:shell:s0 tcontext=u:r:shell:s0 tclass=socket
audit(1772656582.265:516): arch=40000028 syscall=281 per=800000 success=no exit=-13 a0=1 a1=3 a2=0 a3=0 items=0 ppid=7477 pid=7478 auid=4294967295 uid=2000 gid=2000 euid=2000 suid=2000 fsuid=2000 egid=2000 sgid=2000 fsgid=2000 ses=4294967295 tty=pts0 comm="phonet_pnpipe_e" exe="/data/local/tmp/phonet_pnpipe_exploit" subj=u:r:shell:s0 key=(null)
audit(1772656582.265:516): proctitle="/data/local/tmp/phonet_pnpipe_exploit"
audit(1772656582.280:517): avc:  denied  { create } for  pid=7478 comm="phonet_pnpipe_e" scontext=u:r:shell:s0 tcontext=u:r:shell:s0 tclass=socket
audit(1772656582.280:517): arch=40000028 syscall=281 per=800000 success=no exit=-13 a0=1 a1=4 a2=0 a3=0 items=0 ppid=7477 pid=7478 auid=4294967295 uid=2000 gid=2000 euid=2000 suid=2000 fsuid=2000 egid=2000 sgid=2000 fsgid=2000 ses=4294967295 tty=pts0 comm="phonet_pnpipe_e" exe="/data/local/tmp/phonet_pnpipe_exploit" subj=u:r:shell:s0 key=(null)
audit(1772656582.280:517): proctitle="/data/local/tmp/phonet_pnpipe_exploit"
audit(1772656582.285:518): SELinux:  unrecognized netlink message type=1 for sclass=30

audit(1772656582.285:518): arch=40000028 syscall=289 per=800000 success=no exit=-22 a0=3 a1=bee72554 a2=110 a3=40 items=0 ppid=7477 pid=7478 auid=4294967295 uid=2000 gid=2000 euid=2000 suid=2000 fsuid=2000 egid=2000 sgid=2000 fsgid=2000 ses=4294967295 tty=pts0 comm="phonet_pnpipe_e" exe="/data/local/tmp/phonet_pnpipe_exploit" subj=u:r:shell:s0 key=(null)
audit(1772656582.285:518): proctitle="/data/local/tmp/phonet_pnpipe_exploit"
audit(1772656582.290:519): SELinux:  unrecognized netlink message type=65535 for sclass=30

audit(1772656582.290:519): arch=40000028 syscall=289 per=800000 success=no exit=-22 a0=3 a1=bee72554 a2=110 a3=40 items=0 ppid=7477 pid=7478 auid=4294967295 uid=2000 gid=2000 euid=2000 suid=2000 fsuid=2000 egid=2000 sgid=2000 fsgid=2000 ses=4294967295 tty=pts0 comm="phonet_pnpipe_e" exe="/data/local/tmp/phonet_pnpipe_exploit" subj=u:r:shell:s0 key=(null)
audit(1772656582.290:519): proctitle="/data/local/tmp/phonet_pnpipe_exploit"
audit(1772656582.295:520): SELinux:  unrecognized netlink message type=0 for sclass=30

audit(1772656582.295:520): arch=40000028 syscall=289 per=800000 success=no exit=-22 a0=3 a1=bee72554 a2=110 a3=40 items=0 ppid=7477 pid=7478 auid=4294967295 uid=2000 gid=2000 euid=2000 suid=2000 fsuid=2000 egid=2000 sgid=2000 fsgid=2000 ses=4294967295 tty=pts0 comm="phonet_pnpipe_e" exe="/data/local/tmp/phonet_pnpipe_exploit" subj=u:r:shell:s0 key=(null)
audit(1772656582.295:520): proctitle="/data/local/tmp/phonet_pnpipe_exploit"
audit(1772656582.300:521): SELinux:  unrecognized netlink message type=1 for sclass=30

audit(1772656582.300:521): arch=40000028 syscall=289 per=800000 success=no exit=-22 a0=3 a1=bee72554 a2=110 a3=40 items=0 ppid=7477 pid=7478 auid=4294967295 uid=2000 gid=2000 euid=2000 suid=2000 fsuid=2000 egid=2000 sgid=2000 fsgid=2000 ses=4294967295 tty=pts0 comm="phonet_pnpipe_e" exe="/data/local/tmp/phonet_pnpipe_exploit" subj=u:r:shell:s0 key=(null)
audit(1772656582.300:521): proctitle="/data/local/tmp/phonet_pnpipe_exploit"
audit(1772656582.300:522): SELinux:  unrecognized netlink message type=2 for sclass=30

audit(1772656582.300:522): arch=40000028 syscall=289 per=800000 success=no exit=-22 a0=3 a1=bee72554 a2=110 a3=40 items=0 ppid=7477 pid=7478 auid=4294967295 uid=2000 gid=2000 euid=2000 suid=2000 fsuid=2000 egid=2000 sgid=2000 fsgid=2000 ses=4294967295 tty=pts0 comm="phonet_pnpipe_e" exe="/data/local/tmp/phonet_pnpipe_exploit" subj=u:r:shell:s0 key=(null)
audit(1772656582.300:522): proctitle="/data/local/tmp/phonet_pnpipe_exploit"
audit(1772656582.320:523): SELinux:  unrecognized netlink message type=3 for sclass=30

audit(1772656582.320:523): arch=40000028 syscall=289 per=800000 success=no exit=-22 a0=3 a1=bee72554 a2=110 a3=40 items=0 ppid=7477 pid=7478 auid=4294967295 uid=2000 gid=2000 euid=2000 suid=2000 fsuid=2000 egid=2000 sgid=2000 fsgid=2000 ses=4294967295 tty=pts0 comm="phonet_pnpipe_e" exe="/data/local/tmp/phonet_pnpipe_exploit" subj=u:r:shell:s0 key=(null)
audit(1772656582.320:523): proctitle="/data/local/tmp/phonet_pnpipe_exploit"
audit(1772656582.325:524): SELinux:  unrecognized netlink message type=4 for sclass=30

audit(1772656582.325:524): arch=40000028 syscall=289 per=800000 success=no exit=-22 a0=3 a1=bee72554 a2=110 a3=40 items=0 ppid=7477 pid=7478 auid=4294967295 uid=2000 gid=2000 euid=2000 suid=2000 fsuid=2000 egid=2000 sgid=2000 fsgid=2000 ses=4294967295 tty=pts0 comm="phonet_pnpipe_e" exe="/data/local/tmp/phonet_pnpipe_exploit" subj=u:r:shell:s0 key=(null)
audit(1772656582.325:524): proctitle="/data/local/tmp/phonet_pnpipe_exploit"
audit(1772656582.330:525): SELinux:  unrecognized netlink message type=5 for sclass=30

audit(1772656582.330:525): arch=40000028 syscall=289 per=800000 success=no exit=-22 a0=3 a1=bee72554 a2=110 a3=40 items=0 ppid=7477 pid=7478 auid=4294967295 uid=2000 gid=2000 euid=2000 suid=2000 fsuid=2000 egid=2000 sgid=2000 fsgid=2000 ses=4294967295 tty=pts0 comm="phonet_pnpipe_e" exe="/data/local/tmp/phonet_pnpipe_exploit" subj=u:r:shell:s0 key=(null)
audit(1772656582.330:525): proctitle="/data/local/tmp/phonet_pnpipe_exploit"
audit(1772656582.335:526): SELinux:  unrecognized netlink message type=6 for sclass=30

audit(1772656582.335:526): arch=40000028 syscall=289 per=800000 success=no exit=-22 a0=3 a1=bee72554 a2=110 a3=40 items=0 ppid=7477 pid=7478 auid=4294967295 uid=2000 gid=2000 euid=2000 suid=2000 fsuid=2000 egid=2000 sgid=2000 fsgid=2000 ses=4294967295 tty=pts0 comm="phonet_pnpipe_e" exe="/data/local/tmp/phonet_pnpipe_exploit" subj=u:r:shell:s0 key=(null)
audit(1772656582.335:526): proctitle="/data/local/tmp/phonet_pnpipe_exploit"
audit(1772656582.340:527): SELinux:  unrecognized netlink message type=7 for sclass=30

audit(1772656582.340:527): arch=40000028 syscall=289 per=800000 success=no exit=-22 a0=3 a1=bee72554 a2=110 a3=40 items=0 ppid=7477 pid=7478 auid=4294967295 uid=2000 gid=2000 euid=2000 suid=2000 fsuid=2000 egid=2000 sgid=2000 fsgid=2000 ses=4294967295 tty=pts0 comm="phonet_pnpipe_e" exe="/data/local/tmp/phonet_pnpipe_exploit" subj=u:r:shell:s0 key=(null)
audit(1772656582.340:527): proctitle="/data/local/tmp/phonet_pnpipe_exploit"
audit(1772656582.345:528): SELinux:  unrecognized netlink message type=8 for sclass=30

audit(1772656582.345:528): arch=40000028 syscall=289 per=800000 success=no exit=-22 a0=3 a1=bee72554 a2=110 a3=40 items=0 ppid=7477 pid=7478 auid=4294967295 uid=2000 gid=2000 euid=2000 suid=2000 fsuid=2000 egid=2000 sgid=2000 fsgid=2000 ses=4294967295 tty=pts0 comm="phonet_pnpipe_e" exe="/data/local/tmp/phonet_pnpipe_exploit" subj=u:r:shell:s0 key=(null)
audit(1772656582.345:528): proctitle="/data/local/tmp/phonet_pnpipe_exploit"
audit(1772656582.350:529): SELinux:  unrecognized netlink message type=9 for sclass=30

audit(1772656582.350:529): arch=40000028 syscall=289 per=800000 success=no exit=-22 a0=3 a1=bee72554 a2=110 a3=40 items=0 ppid=7477 pid=7478 auid=4294967295 uid=2000 gid=2000 euid=2000 suid=2000 fsuid=2000 egid=2000 sgid=2000 fsgid=2000 ses=4294967295 tty=pts0 comm="phonet_pnpipe_e" exe="/data/local/tmp/phonet_pnpipe_exploit" subj=u:r:shell:s0 key=(null)
audit(1772656582.350:529): proctitle="/data/local/tmp/phonet_pnpipe_exploit"
audit(1772656582.360:530): SELinux:  unrecognized netlink message type=10 for sclass=30

audit(1772656582.360:530): arch=40000028 syscall=289 per=800000 success=no exit=-22 a0=3 a1=bee72554 a2=110 a3=40 items=0 ppid=7477 pid=7478 auid=4294967295 uid=2000 gid=2000 euid=2000 suid=2000 fsuid=2000 egid=2000 sgid=2000 fsgid=2000 ses=4294967295 tty=pts0 comm="phonet_pnpipe_e" exe="/data/local/tmp/phonet_pnpipe_exploit" subj=u:r:shell:s0 key=(null)
audit(1772656582.360:530): proctitle="/data/local/tmp/phonet_pnpipe_exploit"
audit(1772656582.360:531): SELinux:  unrecognized netlink message type=11 for sclass=30

audit(1772656582.360:531): arch=40000028 syscall=289 per=800000 success=no exit=-22 a0=3 a1=bee72554 a2=110 a3=40 items=0 ppid=7477 pid=7478 auid=4294967295 uid=2000 gid=2000 euid=2000 suid=2000 fsuid=2000 egid=2000 sgid=2000 fsgid=2000 ses=4294967295 tty=pts0 comm="phonet_pnpipe_e" exe="/data/local/tmp/phonet_pnpipe_exploit" subj=u:r:shell:s0 key=(null)
audit(1772656582.360:531): proctitle="/data/local/tmp/phonet_pnpipe_exploit"
audit(1772656582.365:532): SELinux:  unrecognized netlink message type=12 for sclass=30

audit(1772656582.365:532): arch=40000028 syscall=289 per=800000 success=no exit=-22 a0=3 a1=bee72554 a2=110 a3=40 items=0 ppid=7477 pid=7478 auid=4294967295 uid=2000 gid=2000 euid=2000 suid=2000 fsuid=2000 egid=2000 sgid=2000 fsgid=2000 ses=4294967295 tty=pts0 comm="phonet_pnpipe_e" exe="/data/local/tmp/phonet_pnpipe_exploit" subj=u:r:shell:s0 key=(null)
audit(1772656582.365:532): proctitle="/data/local/tmp/phonet_pnpipe_exploit"
audit(1772656582.370:533): SELinux:  unrecognized netlink message type=13 for sclass=30

audit(1772656582.370:533): arch=40000028 syscall=289 per=800000 success=no exit=-22 a0=3 a1=bee72554 a2=110 a3=40 items=0 ppid=7477 pid=7478 auid=4294967295 uid=2000 gid=2000 euid=2000 suid=2000 fsuid=2000 egid=2000 sgid=2000 fsgid=2000 ses=4294967295 tty=pts0 comm="phonet_pnpipe_e" exe="/data/local/tmp/phonet_pnpipe_exploit" subj=u:r:shell:s0 key=(null)
audit(1772656582.370:533): proctitle="/data/local/tmp/phonet_pnpipe_exploit"
audit(1772656582.375:534): SELinux:  unrecognized netlink message type=14 for sclass=30

audit(1772656582.375:534): arch=40000028 syscall=289 per=800000 success=no exit=-22 a0=3 a1=bee72554 a2=110 a3=40 items=0 ppid=7477 pid=7478 auid=4294967295 uid=2000 gid=2000 euid=2000 suid=2000 fsuid=2000 egid=2000 sgid=2000 fsgid=2000 ses=4294967295 tty=pts0 comm="phonet_pnpipe_e" exe="/data/local/tmp/phonet_pnpipe_exploit" subj=u:r:shell:s0 key=(null)
audit(1772656582.375:534): proctitle="/data/local/tmp/phonet_pnpipe_exploit"
audit(1772656582.375:535): SELinux:  unrecognized netlink message type=15 for sclass=30

audit(1772656582.375:535): arch=40000028 syscall=289 per=800000 success=no exit=-22 a0=3 a1=bee72554 a2=110 a3=40 items=0 ppid=7477 pid=7478 auid=4294967295 uid=2000 gid=2000 euid=2000 suid=2000 fsuid=2000 egid=2000 sgid=2000 fsgid=2000 ses=4294967295 tty=pts0 comm="phonet_pnpipe_e" exe="/data/local/tmp/phonet_pnpipe_exploit" subj=u:r:shell:s0 key=(null)
audit(1772656582.375:535): proctitle="/data/local/tmp/phonet_pnpipe_exploit"
audit(1772656582.380:536): SELinux:  unrecognized netlink message type=23 for sclass=30

audit(1772656582.380:536): arch=40000028 syscall=289 per=800000 success=no exit=-22 a0=3 a1=bee72554 a2=110 a3=40 items=0 ppid=7477 pid=7478 auid=4294967295 uid=2000 gid=2000 euid=2000 suid=2000 fsuid=2000 egid=2000 sgid=2000 fsgid=2000 ses=4294967295 tty=pts0 comm="phonet_pnpipe_e" exe="/data/local/tmp/phonet_pnpipe_exploit" subj=u:r:shell:s0 key=(null)
audit(1772656582.380:536): proctitle="/data/local/tmp/phonet_pnpipe_exploit"
audit(1772656582.390:537): SELinux:  unrecognized netlink message type=27 for sclass=30

audit(1772656582.390:537): arch=40000028 syscall=289 per=800000 success=no exit=-22 a0=3 a1=bee72554 a2=110 a3=40 items=0 ppid=7477 pid=7478 auid=4294967295 uid=2000 gid=2000 euid=2000 suid=2000 fsuid=2000 egid=2000 sgid=2000 fsgid=2000 ses=4294967295 tty=pts0 comm="phonet_pnpipe_e" exe="/data/local/tmp/phonet_pnpipe_exploit" subj=u:r:shell:s0 key=(null)
audit(1772656582.390:537): proctitle="/data/local/tmp/phonet_pnpipe_exploit"
audit(1772656582.395:538): SELinux:  unrecognized netlink message type=31 for sclass=30

audit(1772656582.395:538): arch=40000028 syscall=289 per=800000 success=no exit=-22 a0=3 a1=bee72554 a2=110 a3=40 items=0 ppid=7477 pid=7478 auid=4294967295 uid=2000 gid=2000 euid=2000 suid=2000 fsuid=2000 egid=2000 sgid=2000 fsgid=2000 ses=4294967295 tty=pts0 comm="phonet_pnpipe_e" exe="/data/local/tmp/phonet_pnpipe_exploit" subj=u:r:shell:s0 key=(null)
audit(1772656582.395:538): proctitle="/data/local/tmp/phonet_pnpipe_exploit"
audit(1772656582.395:539): SELinux:  unrecognized netlink message type=35 for sclass=30

audit(1772656582.395:539): arch=40000028 syscall=289 per=800000 success=no exit=-22 a0=3 a1=bee72554 a2=110 a3=40 items=0 ppid=7477 pid=7478 auid=4294967295 uid=2000 gid=2000 euid=2000 suid=2000 fsuid=2000 egid=2000 sgid=2000 fsgid=2000 ses=4294967295 tty=pts0 comm="phonet_pnpipe_e" exe="/data/local/tmp/phonet_pnpipe_exploit" subj=u:r:shell:s0 key=(null)
audit(1772656582.395:539): proctitle="/data/local/tmp/phonet_pnpipe_exploit"
audit(1772656582.405:540): SELinux:  unrecognized netlink message type=39 for sclass=30

audit(1772656582.405:540): arch=40000028 syscall=289 per=800000 success=no exit=-22 a0=3 a1=bee72554 a2=110 a3=40 items=0 ppid=7477 pid=7478 auid=4294967295 uid=2000 gid=2000 euid=2000 suid=2000 fsuid=2000 egid=2000 sgid=2000 fsgid=2000 ses=4294967295 tty=pts0 comm="phonet_pnpipe_e" exe="/data/local/tmp/phonet_pnpipe_exploit" subj=u:r:shell:s0 key=(null)
audit(1772656582.405:540): proctitle="/data/local/tmp/phonet_pnpipe_exploit"
audit(1772656582.410:541): SELinux:  unrecognized netlink message type=43 for sclass=30

audit(1772656582.410:541): arch=40000028 syscall=289 per=800000 success=no exit=-22 a0=3 a1=bee72554 a2=110 a3=40 items=0 ppid=7477 pid=7478 auid=4294967295 uid=2000 gid=2000 euid=2000 suid=2000 fsuid=2000 egid=2000 sgid=2000 fsgid=2000 ses=4294967295 tty=pts0 comm="phonet_pnpipe_e" exe="/data/local/tmp/phonet_pnpipe_exploit" subj=u:r:shell:s0 key=(null)
audit(1772656582.410:541): proctitle="/data/local/tmp/phonet_pnpipe_exploit"
audit(1772656582.415:542): SELinux:  unrecognized netlink message type=47 for sclass=30

audit(1772656582.415:542): arch=40000028 syscall=289 per=800000 success=no exit=-22 a0=3 a1=bee72554 a2=110 a3=40 items=0 ppid=7477 pid=7478 auid=4294967295 uid=2000 gid=2000 euid=2000 suid=2000 fsuid=2000 egid=2000 sgid=2000 fsgid=2000 ses=4294967295 tty=pts0 comm="phonet_pnpipe_e" exe="/data/local/tmp/phonet_pnpipe_exploit" subj=u:r:shell:s0 key=(null)
audit(1772656582.415:542): proctitle="/data/local/tmp/phonet_pnpipe_exploit"
audit(1772656582.420:543): avc:  denied  { create } for  pid=7478 comm="phonet_pnpipe_e" scontext=u:r:shell:s0 tcontext=u:r:shell:s0 tclass=netlink_firewall_socket
audit(1772656582.420:543): arch=40000028 syscall=281 per=800000 success=no exit=-13 a0=10 a1=3 a2=3 a3=0 items=0 ppid=7477 pid=7478 auid=4294967295 uid=2000 gid=2000 euid=2000 suid=2000 fsuid=2000 egid=2000 sgid=2000 fsgid=2000 ses=4294967295 tty=pts0 comm="phonet_pnpipe_e" exe="/data/local/tmp/phonet_pnpipe_exploit" subj=u:r:shell:s0 key=(null)
audit(1772656582.420:543): proctitle="/data/local/tmp/phonet_pnpipe_exploit"
audit(1772656582.425:544): avc:  denied  { create } for  pid=7478 comm="phonet_pnpipe_e" scontext=u:r:shell:s0 tcontext=u:r:shell:s0 tclass=netlink_tcpdiag_socket
audit(1772656582.425:544): arch=40000028 syscall=281 per=800000 success=no exit=-13 a0=10 a1=3 a2=4 a3=0 items=0 ppid=7477 pid=7478 auid=4294967295 uid=2000 gid=2000 euid=2000 suid=2000 fsuid=2000 egid=2000 sgid=2000 fsgid=2000 ses=4294967295 tty=pts0 comm="phonet_pnpipe_e" exe="/data/local/tmp/phonet_pnpipe_exploit" subj=u:r:shell:s0 key=(null)
audit(1772656582.425:544): proctitle="/data/local/tmp/phonet_pnpipe_exploit"
audit(1772656582.430:545): avc:  denied  { create } for  pid=7478 comm="phonet_pnpipe_e" scontext=u:r:shell:s0 tcontext=u:r:shell:s0 tclass=netlink_xfrm_socket
audit(1772656582.430:545): arch=40000028 syscall=281 per=800000 success=no exit=-13 a0=10 a1=3 a2=6 a3=0 items=0 ppid=7477 pid=7478 auid=4294967295 uid=2000 gid=2000 euid=2000 suid=2000 fsuid=2000 egid=2000 sgid=2000 fsgid=2000 ses=4294967295 tty=pts0 comm="phonet_pnpipe_e" exe="/data/local/tmp/phonet_pnpipe_exploit" subj=u:r:shell:s0 key=(null)
audit(1772656582.430:545): proctitle="/data/local/tmp/phonet_pnpipe_exploit"
audit(1772656582.440:546): avc:  denied  { create } for  pid=7478 comm="phonet_pnpipe_e" scontext=u:r:shell:s0 tcontext=u:r:shell:s0 tclass=netlink_audit_socket
audit(1772656582.440:546): arch=40000028 syscall=281 per=800000 success=no exit=-13 a0=10 a1=3 a2=9 a3=0 items=0 ppid=7477 pid=7478 auid=4294967295 uid=2000 gid=2000 euid=2000 suid=2000 fsuid=2000 egid=2000 sgid=2000 fsgid=2000 ses=4294967295 tty=pts0 comm="phonet_pnpipe_e" exe="/data/local/tmp/phonet_pnpipe_exploit" subj=u:r:shell:s0 key=(null)
audit(1772656582.440:546): proctitle="/data/local/tmp/phonet_pnpipe_exploit"
audit(1772656582.440:547): avc:  denied  { create } for  pid=7478 comm="phonet_pnpipe_e" scontext=u:r:shell:s0 tcontext=u:r:shell:s0 tclass=netlink_socket
audit(1772656582.440:547): arch=40000028 syscall=281 per=800000 success=no exit=-13 a0=10 a1=3 a2=a a3=0 items=0 ppid=7477 pid=7478 auid=4294967295 uid=2000 gid=2000 euid=2000 suid=2000 fsuid=2000 egid=2000 sgid=2000 fsgid=2000 ses=4294967295 tty=pts0 comm="phonet_pnpipe_e" exe="/data/local/tmp/phonet_pnpipe_exploit" subj=u:r:shell:s0 key=(null)
audit(1772656582.440:547): proctitle="/data/local/tmp/phonet_pnpipe_exploit"
audit(1772656582.445:548): avc:  denied  { create } for  pid=7478 comm="phonet_pnpipe_e" scontext=u:r:shell:s0 tcontext=u:r:shell:s0 tclass=netlink_socket
audit(1772656582.445:548): arch=40000028 syscall=281 per=800000 success=no exit=-13 a0=10 a1=3 a2=b a3=0 items=0 ppid=7477 pid=7478 auid=4294967295 uid=2000 gid=2000 euid=2000 suid=2000 fsuid=2000 egid=2000 sgid=2000 fsgid=2000 ses=4294967295 tty=pts0 comm="phonet_pnpipe_e" exe="/data/local/tmp/phonet_pnpipe_exploit" subj=u:r:shell:s0 key=(null)
audit(1772656582.445:548): proctitle="/data/local/tmp/phonet_pnpipe_exploit"
audit(1772656582.450:549): avc:  denied  { create } for  pid=7478 comm="phonet_pnpipe_e" scontext=u:r:shell:s0 tcontext=u:r:shell:s0 tclass=netlink_socket
audit(1772656582.450:549): arch=40000028 syscall=281 per=800000 success=no exit=-13 a0=10 a1=3 a2=c a3=0 items=0 ppid=7477 pid=7478 auid=4294967295 uid=2000 gid=2000 euid=2000 suid=2000 fsuid=2000 egid=2000 sgid=2000 fsgid=2000 ses=4294967295 tty=pts0 comm="phonet_pnpipe_e" exe="/data/local/tmp/phonet_pnpipe_exploit" subj=u:r:shell:s0 key=(null)
audit(1772656582.450:549): proctitle="/data/local/tmp/phonet_pnpipe_exploit"
audit(1772656582.450:550): avc:  denied  { create } for  pid=7478 comm="phonet_pnpipe_e" scontext=u:r:shell:s0 tcontext=u:r:shell:s0 tclass=netlink_ip6fw_socket
audit(1772656582.450:550): arch=40000028 syscall=281 per=800000 success=no exit=-13 a0=10 a1=3 a2=d a3=0 items=0 ppid=7477 pid=7478 auid=4294967295 uid=2000 gid=2000 euid=2000 suid=2000 fsuid=2000 egid=2000 sgid=2000 fsgid=2000 ses=4294967295 tty=pts0 comm="phonet_pnpipe_e" exe="/data/local/tmp/phonet_pnpipe_exploit" subj=u:r:shell:s0 key=(null)
audit(1772656582.450:550): proctitle="/data/local/tmp/phonet_pnpipe_exploit"
audit(1772656582.455:551): avc:  denied  { create } for  pid=7478 comm="phonet_pnpipe_e" scontext=u:r:shell:s0 tcontext=u:r:shell:s0 tclass=netlink_dnrt_socket
audit(1772656582.455:551): arch=40000028 syscall=281 per=800000 success=no exit=-13 a0=10 a1=3 a2=e a3=0 items=0 ppid=7477 pid=7478 auid=4294967295 uid=2000 gid=2000 euid=2000 suid=2000 fsuid=2000 egid=2000 sgid=2000 fsgid=2000 ses=4294967295 tty=pts0 comm="phonet_pnpipe_e" exe="/data/local/tmp/phonet_pnpipe_exploit" subj=u:r:shell:s0 key=(null)
audit(1772656582.455:551): proctitle="/data/local/tmp/phonet_pnpipe_exploit"
audit(1772656582.460:552): avc:  denied  { create } for  pid=7478 comm="phonet_pnpipe_e" scontext=u:r:shell:s0 tcontext=u:r:shell:s0 tclass=netlink_kobject_uevent_socket
audit(1772656582.460:552): arch=40000028 syscall=281 per=800000 success=no exit=-13 a0=10 a1=3 a2=f a3=0 items=0 ppid=7477 pid=7478 auid=4294967295 uid=2000 gid=2000 euid=2000 suid=2000 fsuid=2000 egid=2000 sgid=2000 fsgid=2000 ses=4294967295 tty=pts0 comm="phonet_pnpipe_e" exe="/data/local/tmp/phonet_pnpipe_exploit" subj=u:r:shell:s0 key=(null)
audit(1772656582.460:552): proctitle="/data/local/tmp/phonet_pnpipe_exploit"
audit(1772656582.460:553): avc:  denied  { create } for  pid=7478 comm="phonet_pnpipe_e" scontext=u:r:shell:s0 tcontext=u:r:shell:s0 tclass=netlink_socket
audit(1772656582.460:553): arch=40000028 syscall=281 per=800000 success=no exit=-13 a0=10 a1=3 a2=10 a3=0 items=0 ppid=7477 pid=7478 auid=4294967295 uid=2000 gid=2000 euid=2000 suid=2000 fsuid=2000 egid=2000 sgid=2000 fsgid=2000 ses=4294967295 tty=pts0 comm="phonet_pnpipe_e" exe="/data/local/tmp/phonet_pnpipe_exploit" subj=u:r:shell:s0 key=(null)
audit(1772656582.460:553): proctitle="/data/local/tmp/phonet_pnpipe_exploit"
audit(1772656582.465:554): avc:  denied  { create } for  pid=7478 comm="phonet_pnpipe_e" scontext=u:r:shell:s0 tcontext=u:r:shell:s0 tclass=netlink_socket
audit(1772656582.465:554): arch=40000028 syscall=281 per=800000 success=no exit=-13 a0=10 a1=3 a2=11 a3=0 items=0 ppid=7477 pid=7478 auid=4294967295 uid=2000 gid=2000 euid=2000 suid=2000 fsuid=2000 egid=2000 sgid=2000 fsgid=2000 ses=4294967295 tty=pts0 comm="phonet_pnpipe_e" exe="/data/local/tmp/phonet_pnpipe_exploit" subj=u:r:shell:s0 key=(null)
audit(1772656582.465:554): proctitle="/data/local/tmp/phonet_pnpipe_exploit"
audit(1772656582.470:555): avc:  denied  { create } for  pid=7478 comm="phonet_pnpipe_e" scontext=u:r:shell:s0 tcontext=u:r:shell:s0 tclass=netlink_socket
audit(1772656582.470:555): arch=40000028 syscall=281 per=800000 success=no exit=-13 a0=10 a1=3 a2=12 a3=0 items=0 ppid=7477 pid=7478 auid=4294967295 uid=2000 gid=2000 euid=2000 suid=2000 fsuid=2000 egid=2000 sgid=2000 fsgid=2000 ses=4294967295 tty=pts0 comm="phonet_pnpipe_e" exe="/data/local/tmp/phonet_pnpipe_exploit" subj=u:r:shell:s0 key=(null)
audit(1772656582.470:555): proctitle="/data/local/tmp/phonet_pnpipe_exploit"
audit(1772656582.470:556): avc:  denied  { create } for  pid=7478 comm="phonet_pnpipe_e" scontext=u:r:shell:s0 tcontext=u:r:shell:s0 tclass=netlink_socket
audit(1772656582.470:556): arch=40000028 syscall=281 per=800000 success=no exit=-13 a0=10 a1=3 a2=14 a3=0 items=0 ppid=7477 pid=7478 auid=4294967295 uid=2000 gid=2000 euid=2000 suid=2000 fsuid=2000 egid=2000 sgid=2000 fsgid=2000 ses=4294967295 tty=pts0 comm="phonet_pnpipe_e" exe="/data/local/tmp/phonet_pnpipe_exploit" subj=u:r:shell:s0 key=(null)
audit(1772656582.470:556): proctitle="/data/local/tmp/phonet_pnpipe_exploit"
audit(1772656582.475:557): avc:  denied  { create } for  pid=7478 comm="phonet_pnpipe_e" scontext=u:r:shell:s0 tcontext=u:r:shell:s0 tclass=netlink_socket
audit(1772656582.475:557): arch=40000028 syscall=281 per=800000 success=no exit=-13 a0=10 a1=3 a2=15 a3=0 items=0 ppid=7477 pid=7478 auid=4294967295 uid=2000 gid=2000 euid=2000 suid=2000 fsuid=2000 egid=2000 sgid=2000 fsgid=2000 ses=4294967295 tty=pts0 comm="phonet_pnpipe_e" exe="/data/local/tmp/phonet_pnpipe_exploit" subj=u:r:shell:s0 key=(null)
audit(1772656582.475:557): proctitle="/data/local/tmp/phonet_pnpipe_exploit"
audit(1772657100.850:562): auid=4294967295 uid=2000 gid=2000 ses=4294967295 subj=u:r:shell:s0 pid=32159 comm="netlink_route_f" reason="memory violation" sig=11
audit(1772657117.525:563): auid=4294967295 uid=2000 gid=2000 ses=4294967295 subj=u:r:shell:s0 pid=32171 comm="netlink_route_f" reason="memory violation" sig=11
audit(1772657138.590:564): auid=4294967295 uid=2000 gid=2000 ses=4294967295 subj=u:r:shell:s0 pid=32178 comm="netlink_route_f" reason="memory violation" sig=11
audit(1772669607.554:629): auid=4294967295 uid=0 gid=0 ses=4294967295 subj=u:r:debuggerd:s0 pid=2190 comm="debuggerd" reason="memory violation" sig=7
audit(1772669607.554:630): auid=4294967295 uid=10008 gid=10008 ses=4294967295 subj=u:r:untrusted_app:s0:c512,c768 pid=4259 comm="GoogleApiHandle" reason="memory violation" sig=7
audit(1772669607.554:631): auid=4294967295 uid=1999 gid=1999 ses=4294967295 subj=u:r:auditd:s0 pid=3712 comm="auditd" reason="memory violation" sig=7
audit(1772669607.559:632): auid=4294967295 uid=10103 gid=10103 ses=4294967295 subj=u:r:untrusted_app:s0:c512,c768 pid=4996 comm="NativeLibLoader" reason="memory violation" sig=7
type=1701 audit(1772669607.559:634): auid=4294967295 uid=10032 gid=10032 ses=4294967295 subj=u:r:untrusted_app:s0:c512,c768 pid=4950 comm="BlockingExecuto" reason="memory violation" sig=7
type=1701 audit(1772669607.564:635): auid=4294967295 uid=10069 gid=10069 ses=4294967295 subj=u:r:untrusted_app:s0:c512,c768 pid=4892 comm="Thread-902" reason="memory violation" sig=7
type=1701 audit(1772669607.579:636): auid=4294967295 uid=10032 gid=10032 ses=4294967295 subj=u:r:untrusted_app:s0:c512,c768 pid=6485 comm="ValueStore-2" reason="memory violation" sig=7
type=1701 audit(1772669607.579:637): auid=4294967295 uid=10008 gid=10008 ses=4294967295 subj=u:r:untrusted_app:s0:c512,c768 pid=5043 comm="id.gms.unstable" reason="memory violation" sig=7
type=1701 audit(1772669607.649:638): auid=4294967295 uid=1000 gid=1000 ses=4294967295 subj=u:r:system_server:s0 pid=2809 comm="Binder_2" reason="memory violation" sig=7
type=1701 audit(1772669607.789:639): auid=4294967295 uid=10050 gid=10050 ses=4294967295 subj=u:r:untrusted_app:s0:c512,c768 pid=3652 comm="earchbox:search" reason="memory violation" sig=7
type=1701 audit(1772669607.794:640): auid=4294967295 uid=10008 gid=10008 ses=4294967295 subj=u:r:untrusted_app:s0:c512,c768 pid=5395 comm="gle.android.gms" reason="memory violation" sig=7
type=1701 audit(1772669607.819:641): auid=4294967295 uid=0 gid=0 ses=4294967295 subj=u:r:installd:s0 pid=2196 comm="installd" reason="memory violation" sig=7
type=1701 audit(1772669607.819:642): auid=4294967295 uid=1001 gid=1001 ses=4294967295 subj=u:r:radio:s0 pid=5022 comm="Thread-632" reason="memory violation" sig=7
type=2000 audit(0.355:1): initialized
type=1403 audit(1772669613.680:12): policy loaded auid=4294967295 ses=4294967295
type=1404 audit(1772669613.680:13): config_always_enforce - true; enforcing=1 old_enforcing=1 auid=4294967295 ses=4294967295
type=2000 audit(0.355:1): initialized
type=1403 audit(1772670169.680:12): policy loaded auid=4294967295 ses=4294967295
type=1404 audit(1772670169.680:13): config_always_enforce - true; enforcing=1 old_enforcing=1 auid=4294967295 ses=4294967295
type=1400 audit(1772670176.160:14): avc:  denied  { sys_ptrace } for  pid=0 comm="swapper/0" capability=19  scontext=u:r:kernel:s0 tcontext=u:r:kernel:s0 tclass=capability
type=1400 audit(1772670176.160:15): avc:  denied  { sys_ptrace } for  pid=0 comm="swapper/0" capability=19  scontext=u:r:kernel:s0 tcontext=u:r:kernel:s0 tclass=capability
type=1400 audit(1772670176.160:16): avc:  denied  { sys_ptrace } for  pid=0 comm="swapper/0" capability=19  scontext=u:r:kernel:s0 tcontext=u:r:kernel:s0 tclass=capability
type=1400 audit(1772670176.160:17): avc:  denied  { sys_ptrace } for  pid=0 comm="swapper/0" capability=19  scontext=u:r:kernel:s0 tcontext=u:r:kernel:s0 tclass=capability
type=1400 audit(1772670176.160:18): avc:  denied  { sys_ptrace } for  pid=0 comm="swapper/0" capability=19  scontext=u:r:kernel:s0 tcontext=u:r:kernel:s0 tclass=capability
type=1400 audit(1772670176.160:19): avc:  denied  { sys_ptrace } for  pid=0 comm="swapper/0" capability=19  scontext=u:r:kernel:s0 tcontext=u:r:kernel:s0 tclass=capability
type=1400 audit(1772670176.160:20): avc:  denied  { sys_ptrace } for  pid=0 comm="swapper/0" capability=19  scontext=u:r:kernel:s0 tcontext=u:r:kernel:s0 tclass=capability
type=1400 audit(1772670176.160:21): avc:  denied  { sys_ptrace } for  pid=0 comm="swapper/0" capability=19  scontext=u:r:kernel:s0 tcontext=u:r:kernel:s0 tclass=capability
type=1400 audit(1772670176.160:22): avc:  denied  { sys_ptrace } for  pid=0 comm="swapper/0" capability=19  scontext=u:r:kernel:s0 tcontext=u:r:kernel:s0 tclass=capability
type=1400 audit(1772670176.160:23): avc:  denied  { sys_ptrace } for  pid=0 comm="swapper/0" capability=19  scontext=u:r:kernel:s0 tcontext=u:r:kernel:s0 tclass=capability
type=1400 audit(1772670176.160:24): avc:  denied  { sys_ptrace } for  pid=0 comm="swapper/0" capability=19  scontext=u:r:kernel:s0 tcontext=u:r:kernel:s0 tclass=capability
type=1400 audit(1772670176.160:25): avc:  denied  { sys_ptrace } for  pid=0 comm="swapper/0" capability=19  scontext=u:r:kernel:s0 tcontext=u:r:kernel:s0 tclass=capability
type=1400 audit(1772670176.160:26): avc:  denied  { sys_ptrace } for  pid=0 comm="swapper/0" capability=19  scontext=u:r:kernel:s0 tcontext=u:r:kernel:s0 tclass=capability
type=1400 audit(1772670176.160:27): avc:  denied  { sys_ptrace } for  pid=0 comm="swapper/0" capability=19  scontext=u:r:kernel:s0 tcontext=u:r:kernel:s0 tclass=capability
type=1400 audit(1772670176.160:28): avc:  denied  { sys_ptrace } for  pid=0 comm="swapper/0" capability=19  scontext=u:r:kernel:s0 tcontext=u:r:kernel:s0 tclass=capability
type=1400 audit(1772670176.160:29): avc:  denied  { sys_ptrace } for  pid=0 comm="swapper/0" capability=19  scontext=u:r:kernel:s0 tcontext=u:r:kernel:s0 tclass=capability
type=1400 audit(1772670176.160:30): avc:  denied  { sys_ptrace } for  pid=0 comm="swapper/0" capability=19  scontext=u:r:kernel:s0 tcontext=u:r:kernel:s0 tclass=capability
type=1400 audit(1772670176.160:31): avc:  denied  { sys_ptrace } for  pid=0 comm="swapper/0" capability=19  scontext=u:r:kernel:s0 tcontext=u:r:kernel:s0 tclass=capability
type=1400 audit(1772670176.160:32): avc:  denied  { sys_ptrace } for  pid=0 comm="swapper/0" capability=19  scontext=u:r:kernel:s0 tcontext=u:r:kernel:s0 tclass=capability
type=1400 audit(1772670176.160:33): avc:  denied  { sys_ptrace } for  pid=0 comm="swapper/0" capability=19  scontext=u:r:kernel:s0 tcontext=u:r:kernel:s0 tclass=capability
type=1400 audit(1772670176.160:34): avc:  denied  { sys_ptrace } for  pid=0 comm="swapper/0" capability=19  scontext=u:r:kernel:s0 tcontext=u:r:kernel:s0 tclass=capability
type=1400 audit(1772670176.160:35): avc:  denied  { sys_ptrace } for  pid=0 comm="swapper/0" capability=19  scontext=u:r:kernel:s0 tcontext=u:r:kernel:s0 tclass=capability
type=1400 audit(1772670176.160:36): avc:  denied  { sys_ptrace } for  pid=0 comm="swapper/0" capability=19  scontext=u:r:kernel:s0 tcontext=u:r:kernel:s0 tclass=capability
type=1400 audit(1772670176.160:37): avc:  denied  { sys_ptrace } for  pid=0 comm="swapper/0" capability=19  scontext=u:r:kernel:s0 tcontext=u:r:kernel:s0 tclass=capability
type=1400 audit(1772670176.160:38): avc:  denied  { sys_ptrace } for  pid=0 comm="swapper/0" capability=19  scontext=u:r:kernel:s0 tcontext=u:r:kernel:s0 tclass=capability
type=1400 audit(1772670176.160:39): avc:  denied  { sys_ptrace } for  pid=0 comm="swapper/0" capability=19  scontext=u:r:kernel:s0 tcontext=u:r:kernel:s0 tclass=capability
type=1400 audit(1772670176.160:40): avc:  denied  { sys_ptrace } for  pid=0 comm="swapper/0" capability=19  scontext=u:r:kernel:s0 tcontext=u:r:kernel:s0 tclass=capability
type=1400 audit(1772670176.160:41): avc:  denied  { sys_ptrace } for  pid=0 comm="swapper/0" capability=19  scontext=u:r:kernel:s0 tcontext=u:r:kernel:s0 tclass=capability
type=1400 audit(1772670176.160:42): avc:  denied  { sys_ptrace } for  pid=0 comm="swapper/0" capability=19  scontext=u:r:kernel:s0 tcontext=u:r:kernel:s0 tclass=capability
type=1400 audit(1772670176.160:43): avc:  denied  { sys_ptrace } for  pid=0 comm="swapper/0" capability=19  scontext=u:r:kernel:s0 tcontext=u:r:kernel:s0 tclass=capability
type=1400 audit(1772670176.160:44): avc:  denied  { sys_ptrace } for  pid=0 comm="swapper/0" capability=19  scontext=u:r:kernel:s0 tcontext=u:r:kernel:s0 tclass=capability
type=1400 audit(1772670176.160:45): avc:  denied  { sys_ptrace } for  pid=0 comm="swapper/0" capability=19  scontext=u:r:kernel:s0 tcontext=u:r:kernel:s0 tclass=capability
type=1400 audit(1772670176.160:46): avc:  denied  { sys_ptrace } for  pid=0 comm="swapper/0" capability=19  scontext=u:r:kernel:s0 tcontext=u:r:kernel:s0 tclass=capability
type=1400 audit(1772670176.160:47): avc:  denied  { sys_ptrace } for  pid=0 comm="swapper/0" capability=19  scontext=u:r:kernel:s0 tcontext=u:r:kernel:s0 tclass=capability
type=1400 audit(1772670176.160:48): avc:  denied  { sys_ptrace } for  pid=0 comm="swapper/0" capability=19  scontext=u:r:kernel:s0 tcontext=u:r:kernel:s0 tclass=capability
type=1400 audit(1772670176.160:49): avc:  denied  { sys_ptrace } for  pid=0 comm="swapper/0" capability=19  scontext=u:r:kernel:s0 tcontext=u:r:kernel:s0 tclass=capability
type=1400 audit(1772670176.160:50): avc:  denied  { sys_ptrace } for  pid=0 comm="swapper/0" capability=19  scontext=u:r:kernel:s0 tcontext=u:r:kernel:s0 tclass=capability
type=1400 audit(1772670176.160:51): avc:  denied  { sys_ptrace } for  pid=0 comm="swapper/0" capability=19  scontext=u:r:kernel:s0 tcontext=u:r:kernel:s0 tclass=capability
type=1400 audit(1772670176.160:52): avc:  denied  { sys_ptrace } for  pid=0 comm="swapper/0" capability=19  scontext=u:r:kernel:s0 tcontext=u:r:kernel:s0 tclass=capability
type=1400 audit(1772670176.160:53): avc:  denied  { sys_ptrace } for  pid=0 comm="swapper/0" capability=19  scontext=u:r:kernel:s0 tcontext=u:r:kernel:s0 tclass=capability
type=1400 audit(1772670176.160:54): avc:  denied  { sys_ptrace } for  pid=0 comm="swapper/0" capability=19  scontext=u:r:kernel:s0 tcontext=u:r:kernel:s0 tclass=capability
type=1400 audit(1772670176.160:55): avc:  denied  { sys_ptrace } for  pid=0 comm="swapper/0" capability=19  scontext=u:r:kernel:s0 tcontext=u:r:kernel:s0 tclass=capability
type=1400 audit(1772670176.160:56): avc:  denied  { sys_ptrace } for  pid=0 comm="swapper/0" capability=19  scontext=u:r:kernel:s0 tcontext=u:r:kernel:s0 tclass=capability
type=1400 audit(1772670176.160:57): avc:  denied  { sys_ptrace } for  pid=0 comm="swapper/0" capability=19  scontext=u:r:kernel:s0 tcontext=u:r:kernel:s0 tclass=capability
type=1400 audit(1772670176.160:58): avc:  denied  { sys_ptrace } for  pid=0 comm="swapper/0" capability=19  scontext=u:r:kernel:s0 tcontext=u:r:kernel:s0 tclass=capability
type=1400 audit(1772670176.160:59): avc:  denied  { sys_ptrace } for  pid=0 comm="swapper/0" capability=19  scontext=u:r:kernel:s0 tcontext=u:r:kernel:s0 tclass=capability
type=1400 audit(1772670176.160:60): avc:  denied  { sys_ptrace } for  pid=0 comm="swapper/0" capability=19  scontext=u:r:kernel:s0 tcontext=u:r:kernel:s0 tclass=capability
type=1400 audit(1772670176.160:61): avc:  denied  { sys_ptrace } for  pid=0 comm="swapper/0" capability=19  scontext=u:r:kernel:s0 tcontext=u:r:kernel:s0 tclass=capability
type=1400 audit(1772670176.160:62): avc:  denied  { sys_ptrace } for  pid=0 comm="swapper/0" capability=19  scontext=u:r:kernel:s0 tcontext=u:r:kernel:s0 tclass=capability
type=1400 audit(1772670176.160:63): avc:  denied  { sys_ptrace } for  pid=0 comm="swapper/0" capability=19  scontext=u:r:kernel:s0 tcontext=u:r:kernel:s0 tclass=capability
type=1400 audit(1772670176.160:64): avc:  denied  { sys_ptrace } for  pid=0 comm="swapper/0" capability=19  scontext=u:r:kernel:s0 tcontext=u:r:kernel:s0 tclass=capability
type=1400 audit(1772670176.160:65): avc:  denied  { sys_ptrace } for  pid=0 comm="swapper/0" capability=19  scontext=u:r:kernel:s0 tcontext=u:r:kernel:s0 tclass=capability
type=1400 audit(1772670176.160:66): avc:  denied  { sys_ptrace } for  pid=0 comm="swapper/0" capability=19  scontext=u:r:kernel:s0 tcontext=u:r:kernel:s0 tclass=capability
type=1400 audit(1772670176.160:67): avc:  denied  { sys_ptrace } for  pid=0 comm="swapper/0" capability=19  scontext=u:r:kernel:s0 tcontext=u:r:kernel:s0 tclass=capability
type=1400 audit(1772670176.160:68): avc:  denied  { sys_ptrace } for  pid=0 comm="swapper/0" capability=19  scontext=u:r:kernel:s0 tcontext=u:r:kernel:s0 tclass=capability
type=1400 audit(1772670176.160:69): avc:  denied  { sys_ptrace } for  pid=0 comm="swapper/0" capability=19  scontext=u:r:kernel:s0 tcontext=u:r:kernel:s0 tclass=capability
type=1400 audit(1772670176.160:70): avc:  denied  { sys_ptrace } for  pid=0 comm="swapper/0" capability=19  scontext=u:r:kernel:s0 tcontext=u:r:kernel:s0 tclass=capability
type=1400 audit(1772670176.160:71): avc:  denied  { sys_ptrace } for  pid=0 comm="swapper/0" capability=19  scontext=u:r:kernel:s0 tcontext=u:r:kernel:s0 tclass=capability
type=1400 audit(1772670176.160:72): avc:  denied  { sys_ptrace } for  pid=0 comm="swapper/0" capability=19  scontext=u:r:kernel:s0 tcontext=u:r:kernel:s0 tclass=capability
type=1400 audit(1772670176.160:73): avc:  denied  { sys_ptrace } for  pid=0 comm="swapper/0" capability=19  scontext=u:r:kernel:s0 tcontext=u:r:kernel:s0 tclass=capability
type=1400 audit(1772670176.160:74): avc:  denied  { sys_ptrace } for  pid=0 comm="swapper/0" capability=19  scontext=u:r:kernel:s0 tcontext=u:r:kernel:s0 tclass=capability
type=1400 audit(1772670176.160:75): avc:  denied  { sys_ptrace } for  pid=0 comm="swapper/0" capability=19  scontext=u:r:kernel:s0 tcontext=u:r:kernel:s0 tclass=capability
type=1400 audit(1772670176.160:76): avc:  denied  { sys_ptrace } for  pid=0 comm="swapper/0" capability=19  scontext=u:r:kernel:s0 tcontext=u:r:kernel:s0 tclass=capability
type=1400 audit(1772670176.160:77): avc:  denied  { sys_ptrace } for  pid=0 comm="swapper/0" capability=19  scontext=u:r:kernel:s0 tcontext=u:r:kernel:s0 tclass=capability
type=1400 audit(1772670176.160:78): avc:  denied  { sys_ptrace } for  pid=0 comm="swapper/0" capability=19  scontext=u:r:kernel:s0 tcontext=u:r:kernel:s0 tclass=capability
type=1400 audit(1772670176.160:79): avc:  denied  { sys_ptrace } for  pid=0 comm="swapper/0" capability=19  scontext=u:r:kernel:s0 tcontext=u:r:kernel:s0 tclass=capability
type=1400 audit(1772670176.160:80): avc:  denied  { sys_ptrace } for  pid=0 comm="swapper/0" capability=19  scontext=u:r:kernel:s0 tcontext=u:r:kernel:s0 tclass=capability
type=1400 audit(1772670176.160:81): avc:  denied  { sys_ptrace } for  pid=0 comm="swapper/0" capability=19  scontext=u:r:kernel:s0 tcontext=u:r:kernel:s0 tclass=capability
type=1400 audit(1772670176.160:82): avc:  denied  { sys_ptrace } for  pid=0 comm="swapper/0" capability=19  scontext=u:r:kernel:s0 tcontext=u:r:kernel:s0 tclass=capability
type=1400 audit(1772670176.160:83): avc:  denied  { sys_ptrace } for  pid=0 comm="swapper/0" capability=19  scontext=u:r:kernel:s0 tcontext=u:r:kernel:s0 tclass=capability
type=1400 audit(1772670176.160:84): avc:  denied  { sys_ptrace } for  pid=0 comm="swapper/0" capability=19  scontext=u:r:kernel:s0 tcontext=u:r:kernel:s0 tclass=capability
type=1400 audit(1772670176.160:85): avc:  denied  { sys_ptrace } for  pid=0 comm="swapper/0" capability=19  scontext=u:r:kernel:s0 tcontext=u:r:kernel:s0 tclass=capability
type=1400 audit(1772670176.160:86): avc:  denied  { sys_ptrace } for  pid=0 comm="swapper/0" capability=19  scontext=u:r:kernel:s0 tcontext=u:r:kernel:s0 tclass=capability
type=1400 audit(1772670176.160:87): avc:  denied  { sys_ptrace } for  pid=0 comm="swapper/0" capability=19  scontext=u:r:kernel:s0 tcontext=u:r:kernel:s0 tclass=capability
type=1400 audit(1772670176.160:88): avc:  denied  { sys_ptrace } for  pid=0 comm="swapper/0" capability=19  scontext=u:r:kernel:s0 tcontext=u:r:kernel:s0 tclass=capability
type=1400 audit(1772670176.160:89): avc:  denied  { sys_ptrace } for  pid=0 comm="swapper/0" capability=19  scontext=u:r:kernel:s0 tcontext=u:r:kernel:s0 tclass=capability
type=1400 audit(1772670176.160:90): avc:  denied  { sys_ptrace } for  pid=0 comm="swapper/0" capability=19  scontext=u:r:kernel:s0 tcontext=u:r:kernel:s0 tclass=capability
type=1400 audit(1772670176.160:91): avc:  denied  { sys_ptrace } for  pid=0 comm="swapper/0" capability=19  scontext=u:r:kernel:s0 tcontext=u:r:kernel:s0 tclass=capability
type=1400 audit(1772670176.160:92): avc:  denied  { sys_ptrace } for  pid=0 comm="swapper/0" capability=19  scontext=u:r:kernel:s0 tcontext=u:r:kernel:s0 tclass=capability
type=1400 audit(1772670176.160:93): avc:  denied  { sys_ptrace } for  pid=0 comm="swapper/0" capability=19  scontext=u:r:kernel:s0 tcontext=u:r:kernel:s0 tclass=capability
type=1400 audit(1772670176.160:94): avc:  denied  { sys_ptrace } for  pid=0 comm="swapper/0" capability=19  scontext=u:r:kernel:s0 tcontext=u:r:kernel:s0 tclass=capability
type=1400 audit(1772670176.160:95): avc:  denied  { sys_ptrace } for  pid=0 comm="swapper/0" capability=19  scontext=u:r:kernel:s0 tcontext=u:r:kernel:s0 tclass=capability
type=1400 audit(1772670176.160:96): avc:  denied  { sys_ptrace } for  pid=0 comm="swapper/0" capability=19  scontext=u:r:kernel:s0 tcontext=u:r:kernel:s0 tclass=capability
type=1400 audit(1772670176.160:97): avc:  denied  { sys_ptrace } for  pid=0 comm="swapper/0" capability=19  scontext=u:r:kernel:s0 tcontext=u:r:kernel:s0 tclass=capability
type=1400 audit(1772670176.160:98): avc:  denied  { sys_ptrace } for  pid=0 comm="swapper/0" capability=19  scontext=u:r:kernel:s0 tcontext=u:r:kernel:s0 tclass=capability
type=1400 audit(1772670176.160:99): avc:  denied  { sys_ptrace } for  pid=0 comm="swapper/0" capability=19  scontext=u:r:kernel:s0 tcontext=u:r:kernel:s0 tclass=capability
type=1400 audit(1772670176.160:100): avc:  denied  { sys_ptrace } for  pid=0 comm="swapper/0" capability=19  scontext=u:r:kernel:s0 tcontext=u:r:kernel:s0 tclass=capability
type=1400 audit(1772670176.160:101): avc:  denied  { sys_ptrace } for  pid=0 comm="swapper/0" capability=19  scontext=u:r:kernel:s0 tcontext=u:r:kernel:s0 tclass=capability
type=1400 audit(1772670176.160:102): avc:  denied  { sys_ptrace } for  pid=0 comm="swapper/0" capability=19  scontext=u:r:kernel:s0 tcontext=u:r:kernel:s0 tclass=capability
type=1400 audit(1772670176.160:103): avc:  denied  { sys_ptrace } for  pid=0 comm="swapper/0" capability=19  scontext=u:r:kernel:s0 tcontext=u:r:kernel:s0 tclass=capability
type=1400 audit(1772670176.160:104): avc:  denied  { sys_ptrace } for  pid=0 comm="swapper/0" capability=19  scontext=u:r:kernel:s0 tcontext=u:r:kernel:s0 tclass=capability
type=1400 audit(1772670176.160:105): avc:  denied  { sys_ptrace } for  pid=0 comm="swapper/0" capability=19  scontext=u:r:kernel:s0 tcontext=u:r:kernel:s0 tclass=capability
type=1400 audit(1772670176.160:106): avc:  denied  { sys_ptrace } for  pid=0 comm="swapper/0" capability=19  scontext=u:r:kernel:s0 tcontext=u:r:kernel:s0 tclass=capability
type=1400 audit(1772670176.160:107): avc:  denied  { sys_ptrace } for  pid=0 comm="swapper/0" capability=19  scontext=u:r:kernel:s0 tcontext=u:r:kernel:s0 tclass=capability
type=1400 audit(1772670176.160:108): avc:  denied  { sys_ptrace } for  pid=0 comm="swapper/0" capability=19  scontext=u:r:kernel:s0 tcontext=u:r:kernel:s0 tclass=capability
type=1400 audit(1772670176.160:109): avc:  denied  { sys_ptrace } for  pid=0 comm="swapper/0" capability=19  scontext=u:r:kernel:s0 tcontext=u:r:kernel:s0 tclass=capability
type=1400 audit(1772670176.160:110): avc:  denied  { sys_ptrace } for  pid=0 comm="swapper/0" capability=19  scontext=u:r:kernel:s0 tcontext=u:r:kernel:s0 tclass=capability
type=1400 audit(1772670176.160:111): avc:  denied  { sys_ptrace } for  pid=0 comm="swapper/0" capability=19  scontext=u:r:kernel:s0 tcontext=u:r:kernel:s0 tclass=capability
type=1400 audit(1772670176.160:112): avc:  denied  { sys_ptrace } for  pid=0 comm="swapper/0" capability=19  scontext=u:r:kernel:s0 tcontext=u:r:kernel:s0 tclass=capability
type=1400 audit(1772670176.160:113): avc:  denied  { sys_ptrace } for  pid=0 comm="swapper/0" capability=19  scontext=u:r:kernel:s0 tcontext=u:r:kernel:s0 tclass=capability
type=1400 audit(1772670176.160:114): avc:  denied  { sys_ptrace } for  pid=0 comm="swapper/0" capability=19  scontext=u:r:kernel:s0 tcontext=u:r:kernel:s0 tclass=capability
type=1400 audit(1772670176.160:115): avc:  denied  { sys_ptrace } for  pid=0 comm="swapper/0" capability=19  scontext=u:r:kernel:s0 tcontext=u:r:kernel:s0 tclass=capability
type=1400 audit(1772670176.160:116): avc:  denied  { sys_ptrace } for  pid=0 comm="swapper/0" capability=19  scontext=u:r:kernel:s0 tcontext=u:r:kernel:s0 tclass=capability
type=2000 audit(0.355:1): initialized
type=1403 audit(1772723518.655:12): policy loaded auid=4294967295 ses=4294967295
type=1404 audit(1772723518.655:13): config_always_enforce - true; enforcing=1 old_enforcing=1 auid=4294967295 ses=4294967295
type=2000 audit(0.355:1): initialized
type=1403 audit(1772723531.665:12): policy loaded auid=4294967295 ses=4294967295
type=1404 audit(1772723531.665:13): config_always_enforce - true; enforcing=1 old_enforcing=1 auid=4294967295 ses=4294967295
type=1701 audit(1772723677.700:180): auid=4294967295 uid=50008 gid=50008 ses=4294967295 subj=u:r:dex2oat:s0 pid=2974 comm=436F6D70696C657220647269766572 reason="memory violation" sig=11
type=1305 audit(1772723687.700:261): audit_pid=3711 old=0 auid=4294967295 ses=4294967295
 subj=u:r:auditd:s0 res=1
audit(0.355:1): initialized
audit(1772723531.665:12): policy loaded auid=4294967295 ses=4294967295
audit(1772723531.665:13): config_always_enforce - true; enforcing=1 old_enforcing=1 auid=4294967295 ses=4294967295
audit(1772723687.705:262): audit_enabled=1 old=1 auid=4294967295 ses=4294967295
 subj=u:r:auditd:s0 res=1
audit(1772774705.881:277): auid=4294967295 uid=39999 gid=39999 ses=4294967295 subj=u:r:dex2oat:s0 pid=16950 comm=436F6D70696C657220647269766572 reason="memory violation" sig=11
audit(1772779323.211:286): avc:  denied  { create } for  pid=2204 comm="cbd" name="cpcrash_history.txt" scontext=u:r:cbd:s0 tcontext=u:object_r:system_data_file:s0 tclass=file
audit(1772779323.211:286): arch=40000028 syscall=322 per=800008 success=no exit=-13 a0=ffffff9c a1=5a392 a2=20441 a3=1b6 items=0 ppid=1 pid=2204 auid=4294967295 uid=1001 gid=1001 euid=1001 suid=1001 fsuid=1001 egid=1001 sgid=1001 fsgid=1001 ses=4294967295 tty=(none) comm="cbd" exe="/sbin/cbd" subj=u:r:cbd:s0 key=(null)
audit(1772779323.211:286): proctitle=2F7362696E2F636264002D64002D747373333130002D626D002D6D6D002D5000706C6174666F726D2F31333534303030302E64776D6D63302F62792D6E616D652F524144494F
type=2000 audit(0.355:1): initialized
type=1403 audit(1772780801.655:12): policy loaded auid=4294967295 ses=4294967295
type=1404 audit(1772780801.655:13): config_always_enforce - true; enforcing=1 old_enforcing=1 auid=4294967295 ses=4294967295
type=1400 audit(1772780807.610:14): avc:  denied  { sys_ptrace } for  pid=0 comm="swapper/0" capability=19  scontext=u:r:kernel:s0 tcontext=u:r:kernel:s0 tclass=capability
type=1400 audit(1772780807.610:15): avc:  denied  { sys_ptrace } for  pid=0 comm="swapper/0" capability=19  scontext=u:r:kernel:s0 tcontext=u:r:kernel:s0 tclass=capability
type=1400 audit(1772780807.610:16): avc:  denied  { sys_ptrace } for  pid=0 comm="swapper/0" capability=19  scontext=u:r:kernel:s0 tcontext=u:r:kernel:s0 tclass=capability
type=1400 audit(1772780807.610:17): avc:  denied  { sys_ptrace } for  pid=0 comm="swapper/0" capability=19  scontext=u:r:kernel:s0 tcontext=u:r:kernel:s0 tclass=capability
type=1400 audit(1772780807.610:18): avc:  denied  { sys_ptrace } for  pid=0 comm="swapper/0" capability=19  scontext=u:r:kernel:s0 tcontext=u:r:kernel:s0 tclass=capability
type=1400 audit(1772780807.610:19): avc:  denied  { sys_ptrace } for  pid=0 comm="swapper/0" capability=19  scontext=u:r:kernel:s0 tcontext=u:r:kernel:s0 tclass=capability
type=1400 audit(1772780807.610:20): avc:  denied  { sys_ptrace } for  pid=0 comm="swapper/0" capability=19  scontext=u:r:kernel:s0 tcontext=u:r:kernel:s0 tclass=capability
type=1400 audit(1772780807.610:21): avc:  denied  { sys_ptrace } for  pid=0 comm="swapper/0" capability=19  scontext=u:r:kernel:s0 tcontext=u:r:kernel:s0 tclass=capability
type=1400 audit(1772780807.610:22): avc:  denied  { sys_ptrace } for  pid=0 comm="swapper/0" capability=19  scontext=u:r:kernel:s0 tcontext=u:r:kernel:s0 tclass=capability
type=1400 audit(1772780807.610:23): avc:  denied  { sys_ptrace } for  pid=0 comm="swapper/0" capability=19  scontext=u:r:kernel:s0 tcontext=u:r:kernel:s0 tclass=capability
type=1400 audit(1772780807.610:24): avc:  denied  { sys_ptrace } for  pid=0 comm="swapper/0" capability=19  scontext=u:r:kernel:s0 tcontext=u:r:kernel:s0 tclass=capability
type=1400 audit(1772780807.610:25): avc:  denied  { sys_ptrace } for  pid=0 comm="swapper/0" capability=19  scontext=u:r:kernel:s0 tcontext=u:r:kernel:s0 tclass=capability
type=1400 audit(1772780807.610:26): avc:  denied  { sys_ptrace } for  pid=0 comm="swapper/0" capability=19  scontext=u:r:kernel:s0 tcontext=u:r:kernel:s0 tclass=capability
type=1400 audit(1772780807.610:27): avc:  denied  { sys_ptrace } for  pid=0 comm="swapper/0" capability=19  scontext=u:r:kernel:s0 tcontext=u:r:kernel:s0 tclass=capability
type=1400 audit(1772780807.610:28): avc:  denied  { sys_ptrace } for  pid=0 comm="swapper/0" capability=19  scontext=u:r:kernel:s0 tcontext=u:r:kernel:s0 tclass=capability
type=1400 audit(1772780807.610:29): avc:  denied  { sys_ptrace } for  pid=0 comm="swapper/0" capability=19  scontext=u:r:kernel:s0 tcontext=u:r:kernel:s0 tclass=capability
type=1400 audit(1772780807.610:30): avc:  denied  { sys_ptrace } for  pid=0 comm="swapper/0" capability=19  scontext=u:r:kernel:s0 tcontext=u:r:kernel:s0 tclass=capability
type=1400 audit(1772780807.610:31): avc:  denied  { sys_ptrace } for  pid=0 comm="swapper/0" capability=19  scontext=u:r:kernel:s0 tcontext=u:r:kernel:s0 tclass=capability
type=1400 audit(1772780807.610:32): avc:  denied  { sys_ptrace } for  pid=0 comm="swapper/0" capability=19  scontext=u:r:kernel:s0 tcontext=u:r:kernel:s0 tclass=capability
type=1400 audit(1772780807.610:33): avc:  denied  { sys_ptrace } for  pid=0 comm="swapper/0" capability=19  scontext=u:r:kernel:s0 tcontext=u:r:kernel:s0 tclass=capability
type=1400 audit(1772780807.610:34): avc:  denied  { sys_ptrace } for  pid=0 comm="swapper/0" capability=19  scontext=u:r:kernel:s0 tcontext=u:r:kernel:s0 tclass=capability
type=1400 audit(1772780807.610:35): avc:  denied  { sys_ptrace } for  pid=0 comm="swapper/0" capability=19  scontext=u:r:kernel:s0 tcontext=u:r:kernel:s0 tclass=capability
type=1400 audit(1772780807.610:36): avc:  denied  { sys_ptrace } for  pid=0 comm="swapper/0" capability=19  scontext=u:r:kernel:s0 tcontext=u:r:kernel:s0 tclass=capability
type=1400 audit(1772780807.610:37): avc:  denied  { sys_ptrace } for  pid=0 comm="swapper/0" capability=19  scontext=u:r:kernel:s0 tcontext=u:r:kernel:s0 tclass=capability
type=1400 audit(1772780807.610:38): avc:  denied  { sys_ptrace } for  pid=0 comm="swapper/0" capability=19  scontext=u:r:kernel:s0 tcontext=u:r:kernel:s0 tclass=capability
type=1400 audit(1772780807.610:39): avc:  denied  { sys_ptrace } for  pid=0 comm="swapper/0" capability=19  scontext=u:r:kernel:s0 tcontext=u:r:kernel:s0 tclass=capability
type=1400 audit(1772780807.610:40): avc:  denied  { sys_ptrace } for  pid=0 comm="swapper/0" capability=19  scontext=u:r:kernel:s0 tcontext=u:r:kernel:s0 tclass=capability
type=1400 audit(1772780807.610:41): avc:  denied  { sys_ptrace } for  pid=0 comm="swapper/0" capability=19  scontext=u:r:kernel:s0 tcontext=u:r:kernel:s0 tclass=capability
type=1400 audit(1772780807.610:42): avc:  denied  { sys_ptrace } for  pid=0 comm="swapper/0" capability=19  scontext=u:r:kernel:s0 tcontext=u:r:kernel:s0 tclass=capability
type=1400 audit(1772780807.610:43): avc:  denied  { sys_ptrace } for  pid=0 comm="swapper/0" capability=19  scontext=u:r:kernel:s0 tcontext=u:r:kernel:s0 tclass=capability
type=1400 audit(1772780807.610:44): avc:  denied  { sys_ptrace } for  pid=0 comm="swapper/0" capability=19  scontext=u:r:kernel:s0 tcontext=u:r:kernel:s0 tclass=capability
type=1400 audit(1772780807.610:45): avc:  denied  { sys_ptrace } for  pid=0 comm="swapper/0" capability=19  scontext=u:r:kernel:s0 tcontext=u:r:kernel:s0 tclass=capability
type=1400 audit(1772780807.610:46): avc:  denied  { sys_ptrace } for  pid=0 comm="swapper/0" capability=19  scontext=u:r:kernel:s0 tcontext=u:r:kernel:s0 tclass=capability
type=1400 audit(1772780807.610:47): avc:  denied  { sys_ptrace } for  pid=0 comm="swapper/0" capability=19  scontext=u:r:kernel:s0 tcontext=u:r:kernel:s0 tclass=capability
type=1400 audit(1772780807.610:48): avc:  denied  { sys_ptrace } for  pid=0 comm="swapper/0" capability=19  scontext=u:r:kernel:s0 tcontext=u:r:kernel:s0 tclass=capability
type=1400 audit(1772780807.610:49): avc:  denied  { sys_ptrace } for  pid=0 comm="swapper/0" capability=19  scontext=u:r:kernel:s0 tcontext=u:r:kernel:s0 tclass=capability
type=1400 audit(1772780807.610:50): avc:  denied  { sys_ptrace } for  pid=0 comm="swapper/0" capability=19  scontext=u:r:kernel:s0 tcontext=u:r:kernel:s0 tclass=capability
type=1400 audit(1772780807.610:51): avc:  denied  { sys_ptrace } for  pid=0 comm="swapper/0" capability=19  scontext=u:r:kernel:s0 tcontext=u:r:kernel:s0 tclass=capability
type=1400 audit(1772780807.610:52): avc:  denied  { sys_ptrace } for  pid=0 comm="swapper/0" capability=19  scontext=u:r:kernel:s0 tcontext=u:r:kernel:s0 tclass=capability
type=1400 audit(1772780807.610:53): avc:  denied  { sys_ptrace } for  pid=0 comm="swapper/0" capability=19  scontext=u:r:kernel:s0 tcontext=u:r:kernel:s0 tclass=capability
type=1400 audit(1772780807.610:54): avc:  denied  { sys_ptrace } for  pid=0 comm="swapper/0" capability=19  scontext=u:r:kernel:s0 tcontext=u:r:kernel:s0 tclass=capability
type=1400 audit(1772780807.610:55): avc:  denied  { sys_ptrace } for  pid=0 comm="swapper/0" capability=19  scontext=u:r:kernel:s0 tcontext=u:r:kernel:s0 tclass=capability
type=1400 audit(1772780807.610:56): avc:  denied  { sys_ptrace } for  pid=0 comm="swapper/0" capability=19  scontext=u:r:kernel:s0 tcontext=u:r:kernel:s0 tclass=capability
type=1400 audit(1772780807.610:57): avc:  denied  { sys_ptrace } for  pid=0 comm="swapper/0" capability=19  scontext=u:r:kernel:s0 tcontext=u:r:kernel:s0 tclass=capability
type=1400 audit(1772780807.610:58): avc:  denied  { sys_ptrace } for  pid=0 comm="swapper/0" capability=19  scontext=u:r:kernel:s0 tcontext=u:r:kernel:s0 tclass=capability
type=1400 audit(1772780807.610:59): avc:  denied  { sys_ptrace } for  pid=0 comm="swapper/0" capability=19  scontext=u:r:kernel:s0 tcontext=u:r:kernel:s0 tclass=capability
type=1400 audit(1772780807.610:60): avc:  denied  { sys_ptrace } for  pid=0 comm="swapper/0" capability=19  scontext=u:r:kernel:s0 tcontext=u:r:kernel:s0 tclass=capability
type=1400 audit(1772780807.610:61): avc:  denied  { sys_ptrace } for  pid=0 comm="swapper/0" capability=19  scontext=u:r:kernel:s0 tcontext=u:r:kernel:s0 tclass=capability
type=1400 audit(1772780807.610:62): avc:  denied  { sys_ptrace } for  pid=0 comm="swapper/0" capability=19  scontext=u:r:kernel:s0 tcontext=u:r:kernel:s0 tclass=capability
type=1400 audit(1772780807.610:63): avc:  denied  { sys_ptrace } for  pid=0 comm="swapper/0" capability=19  scontext=u:r:kernel:s0 tcontext=u:r:kernel:s0 tclass=capability
type=1400 audit(1772780807.610:64): avc:  denied  { sys_ptrace } for  pid=0 comm="swapper/0" capability=19  scontext=u:r:kernel:s0 tcontext=u:r:kernel:s0 tclass=capability
type=1400 audit(1772780807.610:65): avc:  denied  { sys_ptrace } for  pid=0 comm="swapper/0" capability=19  scontext=u:r:kernel:s0 tcontext=u:r:kernel:s0 tclass=capability
type=1400 audit(1772780807.610:66): avc:  denied  { sys_ptrace } for  pid=0 comm="swapper/0" capability=19  scontext=u:r:kernel:s0 tcontext=u:r:kernel:s0 tclass=capability
type=1400 audit(1772780807.610:67): avc:  denied  { sys_ptrace } for  pid=0 comm="swapper/0" capability=19  scontext=u:r:kernel:s0 tcontext=u:r:kernel:s0 tclass=capability
type=1400 audit(1772780807.610:68): avc:  denied  { sys_ptrace } for  pid=0 comm="swapper/0" capability=19  scontext=u:r:kernel:s0 tcontext=u:r:kernel:s0 tclass=capability
type=1400 audit(1772780807.610:69): avc:  denied  { sys_ptrace } for  pid=0 comm="swapper/0" capability=19  scontext=u:r:kernel:s0 tcontext=u:r:kernel:s0 tclass=capability
type=1400 audit(1772780807.610:70): avc:  denied  { sys_ptrace } for  pid=0 comm="swapper/0" capability=19  scontext=u:r:kernel:s0 tcontext=u:r:kernel:s0 tclass=capability
type=1400 audit(1772780807.610:71): avc:  denied  { sys_ptrace } for  pid=0 comm="swapper/0" capability=19  scontext=u:r:kernel:s0 tcontext=u:r:kernel:s0 tclass=capability
type=1400 audit(1772780807.610:72): avc:  denied  { sys_ptrace } for  pid=0 comm="swapper/0" capability=19  scontext=u:r:kernel:s0 tcontext=u:r:kernel:s0 tclass=capability
type=1400 audit(1772780807.610:73): avc:  denied  { sys_ptrace } for  pid=0 comm="swapper/0" capability=19  scontext=u:r:kernel:s0 tcontext=u:r:kernel:s0 tclass=capability
type=1400 audit(1772780807.610:74): avc:  denied  { sys_ptrace } for  pid=0 comm="swapper/0" capability=19  scontext=u:r:kernel:s0 tcontext=u:r:kernel:s0 tclass=capability
type=1400 audit(1772780807.610:75): avc:  denied  { sys_ptrace } for  pid=0 comm="swapper/0" capability=19  scontext=u:r:kernel:s0 tcontext=u:r:kernel:s0 tclass=capability
type=1400 audit(1772780807.610:76): avc:  denied  { sys_ptrace } for  pid=0 comm="swapper/0" capability=19  scontext=u:r:kernel:s0 tcontext=u:r:kernel:s0 tclass=capability
type=1400 audit(1772780807.610:77): avc:  denied  { sys_ptrace } for  pid=0 comm="swapper/0" capability=19  scontext=u:r:kernel:s0 tcontext=u:r:kernel:s0 tclass=capability
type=1400 audit(1772780807.610:78): avc:  denied  { sys_ptrace } for  pid=0 comm="swapper/0" capability=19  scontext=u:r:kernel:s0 tcontext=u:r:kernel:s0 tclass=capability
type=1400 audit(1772780807.610:79): avc:  denied  { sys_ptrace } for  pid=0 comm="swapper/0" capability=19  scontext=u:r:kernel:s0 tcontext=u:r:kernel:s0 tclass=capability
type=1400 audit(1772780807.610:80): avc:  denied  { sys_ptrace } for  pid=0 comm="swapper/0" capability=19  scontext=u:r:kernel:s0 tcontext=u:r:kernel:s0 tclass=capability
type=1400 audit(1772780807.610:81): avc:  denied  { sys_ptrace } for  pid=0 comm="swapper/0" capability=19  scontext=u:r:kernel:s0 tcontext=u:r:kernel:s0 tclass=capability
type=1400 audit(1772780807.610:82): avc:  denied  { sys_ptrace } for  pid=0 comm="swapper/0" capability=19  scontext=u:r:kernel:s0 tcontext=u:r:kernel:s0 tclass=capability
type=1400 audit(1772780807.610:83): avc:  denied  { sys_ptrace } for  pid=0 comm="swapper/0" capability=19  scontext=u:r:kernel:s0 tcontext=u:r:kernel:s0 tclass=capability
type=1400 audit(1772780807.610:84): avc:  denied  { sys_ptrace } for  pid=0 comm="swapper/0" capability=19  scontext=u:r:kernel:s0 tcontext=u:r:kernel:s0 tclass=capability
type=1400 audit(1772780807.610:85): avc:  denied  { sys_ptrace } for  pid=0 comm="swapper/0" capability=19  scontext=u:r:kernel:s0 tcontext=u:r:kernel:s0 tclass=capability
type=1400 audit(1772780807.610:86): avc:  denied  { sys_ptrace } for  pid=0 comm="swapper/0" capability=19  scontext=u:r:kernel:s0 tcontext=u:r:kernel:s0 tclass=capability
type=1400 audit(1772780807.610:87): avc:  denied  { sys_ptrace } for  pid=0 comm="swapper/0" capability=19  scontext=u:r:kernel:s0 tcontext=u:r:kernel:s0 tclass=capability
type=1400 audit(1772780807.610:88): avc:  denied  { sys_ptrace } for  pid=0 comm="swapper/0" capability=19  scontext=u:r:kernel:s0 tcontext=u:r:kernel:s0 tclass=capability
type=1400 audit(1772780807.610:89): avc:  denied  { sys_ptrace } for  pid=0 comm="swapper/0" capability=19  scontext=u:r:kernel:s0 tcontext=u:r:kernel:s0 tclass=capability
type=1400 audit(1772780807.610:90): avc:  denied  { sys_ptrace } for  pid=0 comm="swapper/0" capability=19  scontext=u:r:kernel:s0 tcontext=u:r:kernel:s0 tclass=capability
type=1400 audit(1772780807.610:91): avc:  denied  { sys_ptrace } for  pid=0 comm="swapper/0" capability=19  scontext=u:r:kernel:s0 tcontext=u:r:kernel:s0 tclass=capability
type=1400 audit(1772780807.610:92): avc:  denied  { sys_ptrace } for  pid=0 comm="swapper/0" capability=19  scontext=u:r:kernel:s0 tcontext=u:r:kernel:s0 tclass=capability
type=1400 audit(1772780807.610:93): avc:  denied  { sys_ptrace } for  pid=0 comm="swapper/0" capability=19  scontext=u:r:kernel:s0 tcontext=u:r:kernel:s0 tclass=capability
type=1400 audit(1772780807.610:94): avc:  denied  { sys_ptrace } for  pid=0 comm="swapper/0" capability=19  scontext=u:r:kernel:s0 tcontext=u:r:kernel:s0 tclass=capability
type=1400 audit(1772780807.610:95): avc:  denied  { sys_ptrace } for  pid=0 comm="swapper/0" capability=19  scontext=u:r:kernel:s0 tcontext=u:r:kernel:s0 tclass=capability
type=1400 audit(1772780807.610:96): avc:  denied  { sys_ptrace } for  pid=0 comm="swapper/0" capability=19  scontext=u:r:kernel:s0 tcontext=u:r:kernel:s0 tclass=capability
type=1400 audit(1772780807.610:97): avc:  denied  { sys_ptrace } for  pid=0 comm="swapper/0" capability=19  scontext=u:r:kernel:s0 tcontext=u:r:kernel:s0 tclass=capability
type=1400 audit(1772780807.610:98): avc:  denied  { sys_ptrace } for  pid=0 comm="swapper/0" capability=19  scontext=u:r:kernel:s0 tcontext=u:r:kernel:s0 tclass=capability
type=1400 audit(1772780807.610:99): avc:  denied  { sys_ptrace } for  pid=0 comm="swapper/0" capability=19  scontext=u:r:kernel:s0 tcontext=u:r:kernel:s0 tclass=capability
type=1400 audit(1772780807.610:100): avc:  denied  { sys_ptrace } for  pid=0 comm="swapper/0" capability=19  scontext=u:r:kernel:s0 tcontext=u:r:kernel:s0 tclass=capability
type=1400 audit(1772780807.610:101): avc:  denied  { sys_ptrace } for  pid=0 comm="swapper/0" capability=19  scontext=u:r:kernel:s0 tcontext=u:r:kernel:s0 tclass=capability
type=1400 audit(1772780807.610:102): avc:  denied  { sys_ptrace } for  pid=0 comm="swapper/0" capability=19  scontext=u:r:kernel:s0 tcontext=u:r:kernel:s0 tclass=capability
type=1400 audit(1772780807.610:103): avc:  denied  { sys_ptrace } for  pid=0 comm="swapper/0" capability=19  scontext=u:r:kernel:s0 tcontext=u:r:kernel:s0 tclass=capability
type=1400 audit(1772780807.610:104): avc:  denied  { sys_ptrace } for  pid=0 comm="swapper/0" capability=19  scontext=u:r:kernel:s0 tcontext=u:r:kernel:s0 tclass=capability
type=1400 audit(1772780807.610:105): avc:  denied  { sys_ptrace } for  pid=0 comm="swapper/0" capability=19  scontext=u:r:kernel:s0 tcontext=u:r:kernel:s0 tclass=capability
type=1400 audit(1772780807.610:106): avc:  denied  { sys_ptrace } for  pid=0 comm="swapper/0" capability=19  scontext=u:r:kernel:s0 tcontext=u:r:kernel:s0 tclass=capability
type=1400 audit(1772780807.610:107): avc:  denied  { sys_ptrace } for  pid=0 comm="swapper/0" capability=19  scontext=u:r:kernel:s0 tcontext=u:r:kernel:s0 tclass=capability
type=1400 audit(1772780807.610:108): avc:  denied  { sys_ptrace } for  pid=0 comm="swapper/0" capability=19  scontext=u:r:kernel:s0 tcontext=u:r:kernel:s0 tclass=capability
type=1400 audit(1772780807.610:109): avc:  denied  { sys_ptrace } for  pid=0 comm="swapper/0" capability=19  scontext=u:r:kernel:s0 tcontext=u:r:kernel:s0 tclass=capability
type=1400 audit(1772780807.610:110): avc:  denied  { sys_ptrace } for  pid=0 comm="swapper/0" capability=19  scontext=u:r:kernel:s0 tcontext=u:r:kernel:s0 tclass=capability
type=1400 audit(1772780807.610:111): avc:  denied  { sys_ptrace } for  pid=0 comm="swapper/0" capability=19  scontext=u:r:kernel:s0 tcontext=u:r:kernel:s0 tclass=capability
type=1400 audit(1772780807.610:112): avc:  denied  { sys_ptrace } for  pid=0 comm="swapper/0" capability=19  scontext=u:r:kernel:s0 tcontext=u:r:kernel:s0 tclass=capability
type=1400 audit(1772780807.610:113): avc:  denied  { sys_ptrace } for  pid=0 comm="swapper/0" capability=19  scontext=u:r:kernel:s0 tcontext=u:r:kernel:s0 tclass=capability
type=1400 audit(1772780807.610:114): avc:  denied  { sys_ptrace } for  pid=0 comm="swapper/0" capability=19  scontext=u:r:kernel:s0 tcontext=u:r:kernel:s0 tclass=capability
type=1400 audit(1772780807.610:115): avc:  denied  { sys_ptrace } for  pid=0 comm="swapper/0" capability=19  scontext=u:r:kernel:s0 tcontext=u:r:kernel:s0 tclass=capability
type=1400 audit(1772780807.610:116): avc:  denied  { sys_ptrace } for  pid=0 comm="swapper/0" capability=19  scontext=u:r:kernel:s0 tcontext=u:r:kernel:s0 tclass=capability
type=2000 audit(0.355:1): initialized
type=1403 audit(1772780836.665:12): policy loaded auid=4294967295 ses=4294967295
type=1404 audit(1772780836.665:13): config_always_enforce - true; enforcing=1 old_enforcing=1 auid=4294967295 ses=4294967295
type=1701 audit(1772780983.280:180): auid=4294967295 uid=50008 gid=50008 ses=4294967295 subj=u:r:dex2oat:s0 pid=2969 comm=436F6D70696C657220647269766572 reason="memory violation" sig=11
type=1305 audit(1772780993.185:261): audit_pid=3696 old=0 auid=4294967295 ses=4294967295
 subj=u:r:auditd:s0 res=1
audit(0.355:1): initialized
audit(1772780836.665:12): policy loaded auid=4294967295 ses=4294967295
audit(1772780836.665:13): config_always_enforce - true; enforcing=1 old_enforcing=1 auid=4294967295 ses=4294967295
audit(1772780993.185:262): audit_enabled=1 old=1 auid=4294967295 ses=4294967295
 subj=u:r:auditd:s0 res=1
audit(1772782638.075:277): avc:  denied  { call } for  pid=8895 comm="service" scontext=u:r:shell:s0 tcontext=u:r:otp_server:s0 tclass=binder
audit(1772782638.075:277): arch=40000028 syscall=54 per=800008 success=yes exit=0 a0=3 a1=c0186201 a2=becf3600 a3=becf35f8 items=0 ppid=8893 pid=8895 auid=4294967295 uid=2000 gid=2000 euid=2000 suid=2000 fsuid=2000 egid=2000 sgid=2000 fsgid=2000 ses=4294967295 tty=pts0 comm="service" exe="/system/bin/service" subj=u:r:shell:s0 key=(null)
audit(1772782638.075:277): proctitle=73657276696365006C697374
avc:  denied  { find } for service=android.service.gatekeeper.IGateKeeperService scontext=u:r:shell:s0 tcontext=u:object_r:gatekeeper_service:s0 tclass=service_manager
audit(1772782642.615:278): avc:  denied  { call } for  pid=8901 comm="service" scontext=u:r:shell:s0 tcontext=u:r:otp_server:s0 tclass=binder
audit(1772782642.615:278): arch=40000028 syscall=54 per=800008 success=yes exit=0 a0=3 a1=c0186201 a2=bea2a600 a3=bea2a5f8 items=0 ppid=8899 pid=8901 auid=4294967295 uid=2000 gid=2000 euid=2000 suid=2000 fsuid=2000 egid=2000 sgid=2000 fsgid=2000 ses=4294967295 tty=pts0 comm="service" exe="/system/bin/service" subj=u:r:shell:s0 key=(null)
audit(1772782642.615:278): proctitle=73657276696365006C697374
avc:  denied  { find } for service=android.service.gatekeeper.IGateKeeperService scontext=u:r:shell:s0 tcontext=u:object_r:gatekeeper_service:s0 tclass=service_manager
audit(1772782667.285:279): avc:  denied  { call } for  pid=8990 comm="service" scontext=u:r:shell:s0 tcontext=u:r:otp_server:s0 tclass=binder
audit(1772782667.285:279): arch=40000028 syscall=54 per=800008 success=yes exit=0 a0=3 a1=c0186201 a2=bef7e600 a3=bef7e5f8 items=0 ppid=8988 pid=8990 auid=4294967295 uid=2000 gid=2000 euid=2000 suid=2000 fsuid=2000 egid=2000 sgid=2000 fsgid=2000 ses=4294967295 tty=pts0 comm="service" exe="/system/bin/service" subj=u:r:shell:s0 key=(null)
audit(1772782667.285:279): proctitle=73657276696365006C697374
avc:  denied  { find } for service=android.service.gatekeeper.IGateKeeperService scontext=u:r:shell:s0 tcontext=u:object_r:gatekeeper_service:s0 tclass=service_manager
audit(1772782671.650:280): avc:  denied  { call } for  pid=8994 comm="service" scontext=u:r:shell:s0 tcontext=u:r:otp_server:s0 tclass=binder
audit(1772782671.650:280): arch=40000028 syscall=54 per=800008 success=yes exit=0 a0=3 a1=c0186201 a2=bef78600 a3=bef785f8 items=0 ppid=8992 pid=8994 auid=4294967295 uid=2000 gid=2000 euid=2000 suid=2000 fsuid=2000 egid=2000 sgid=2000 fsgid=2000 ses=4294967295 tty=pts0 comm="service" exe="/system/bin/service" subj=u:r:shell:s0 key=(null)
audit(1772782671.650:280): proctitle=73657276696365006C697374
avc:  denied  { find } for service=android.service.gatekeeper.IGateKeeperService scontext=u:r:shell:s0 tcontext=u:object_r:gatekeeper_service:s0 tclass=service_manager
audit(1772783602.850:283): avc:  denied  { call } for  pid=10047 comm="service" scontext=u:r:shell:s0 tcontext=u:r:otp_server:s0 tclass=binder
audit(1772783602.850:283): arch=40000028 syscall=54 per=800008 success=yes exit=0 a0=3 a1=c0186201 a2=beea3600 a3=beea35f8 items=0 ppid=10045 pid=10047 auid=4294967295 uid=2000 gid=2000 euid=2000 suid=2000 fsuid=2000 egid=2000 sgid=2000 fsgid=2000 ses=4294967295 tty=pts0 comm="service" exe="/system/bin/service" subj=u:r:shell:s0 key=(null)
audit(1772783602.850:283): proctitle=73657276696365006C697374
avc:  denied  { find } for service=android.service.gatekeeper.IGateKeeperService scontext=u:r:shell:s0 tcontext=u:object_r:gatekeeper_service:s0 tclass=service_manager
audit(1772784210.745:284): avc:  denied  { create } for  pid=10395 comm="ln" name="test_symlink_verify" scontext=u:r:shell:s0 tcontext=u:object_r:dumplog_data_file:s0 tclass=lnk_file
audit(1772784210.745:284): arch=40000028 syscall=331 per=800008 success=no exit=-13 a0=bebe79f6 a1=ffffff9c a2=bebe7a04 a3=0 items=0 ppid=10393 pid=10395 auid=4294967295 uid=2000 gid=2000 euid=2000 suid=2000 fsuid=2000 egid=2000 sgid=2000 fsgid=2000 ses=4294967295 tty=pts1 comm="ln" exe="/system/bin/toybox" subj=u:r:shell:s0 key=(null)
audit(1772784210.745:284): proctitle=6C6E002D73002F70726F632F76657273696F6E002F646174612F6C6F672F746573745F73796D6C696E6B5F766572696679
audit(1772814355.215:285): avc:  denied  { read } for  pid=19032 comm="sh" name="FactoryApp" dev="mmcblk0p3" ino=21 scontext=u:r:shell:s0 tcontext=u:object_r:app_efs_file:s0 tclass=dir
audit(1772814355.215:285): arch=40000028 syscall=322 per=800008 success=no exit=-13 a0=ffffff9c a1=b6da6504 a2=a4000 a3=0 items=0 ppid=3100 pid=19032 auid=4294967295 uid=2000 gid=2000 euid=2000 suid=2000 fsuid=2000 egid=2000 sgid=2000 fsgid=2000 ses=4294967295 tty=pts2 comm="sh" exe="/system/bin/sh" subj=u:r:shell:s0 key=(null)
audit(1772814355.215:285): proctitle=2F73797374656D2F62696E2F7368002D63006C73202D6C61202F6566732F466163746F72794170702F6B6579737472696E67732A20323E2631
audit(1772814355.245:286): avc:  denied  { search } for  pid=19034 comm="ls" name="FactoryApp" dev="mmcblk0p3" ino=21 scontext=u:r:shell:s0 tcontext=u:object_r:app_efs_file:s0 tclass=dir
audit(1772814355.245:286): arch=40000028 syscall=327 per=800008 success=no exit=-13 a0=ffffff9c a1=b6c8c000 a2=bede2820 a3=100 items=0 ppid=19032 pid=19034 auid=4294967295 uid=2000 gid=2000 euid=2000 suid=2000 fsuid=2000 egid=2000 sgid=2000 fsgid=2000 ses=4294967295 tty=pts2 comm="ls" exe="/system/bin/toolbox" subj=u:r:shell:s0 key=(null)
audit(1772814355.245:286): proctitle=6C73002D6C61002F6566732F466163746F72794170702F6B6579737472696E67732A
audit(1772814484.605:287): avc:  denied  { read } for  pid=19153 comm="ls" name="FactoryApp" dev="mmcblk0p3" ino=21 scontext=u:r:shell:s0 tcontext=u:object_r:app_efs_file:s0 tclass=dir
audit(1772814484.605:287): arch=40000028 syscall=322 per=800008 success=no exit=-13 a0=ffffff9c a1=b6c46018 a2=a4000 a3=0 items=0 ppid=19151 pid=19153 auid=4294967295 uid=2000 gid=2000 euid=2000 suid=2000 fsuid=2000 egid=2000 sgid=2000 fsgid=2000 ses=4294967295 tty=pts2 comm="ls" exe="/system/bin/toolbox" subj=u:r:shell:s0 key=(null)
audit(1772814484.605:287): proctitle=6C73002D6C61002F6566732F466163746F72794170702F
audit(1772814484.675:288): avc:  denied  { search } for  pid=19157 comm="touch" name="FactoryApp" dev="mmcblk0p3" ino=21 scontext=u:r:shell:s0 tcontext=u:object_r:app_efs_file:s0 tclass=dir
audit(1772814484.675:288): arch=40000028 syscall=348 per=800008 success=no exit=-13 a0=ffffff9c a1=be9cba01 a2=be9cb830 a3=0 items=0 ppid=19155 pid=19157 auid=4294967295 uid=2000 gid=2000 euid=2000 suid=2000 fsuid=2000 egid=2000 sgid=2000 fsgid=2000 ses=4294967295 tty=pts2 comm="touch" exe="/system/bin/toybox" subj=u:r:shell:s0 key=(null)
audit(1772814484.675:288): proctitle=746F756368002F6566732F466163746F72794170702F746573745F7772697465
audit(1772814484.675:289): avc:  denied  { search } for  pid=19157 comm="touch" name="FactoryApp" dev="mmcblk0p3" ino=21 scontext=u:r:shell:s0 tcontext=u:object_r:app_efs_file:s0 tclass=dir
audit(1772814484.675:289): arch=40000028 syscall=334 per=800008 success=no exit=-13 a0=ffffff9c a1=be9cba01 a2=0 a3=0 items=0 ppid=19155 pid=19157 auid=4294967295 uid=2000 gid=2000 euid=2000 suid=2000 fsuid=2000 egid=2000 sgid=2000 fsgid=2000 ses=4294967295 tty=pts2 comm="touch" exe="/system/bin/toybox" subj=u:r:shell:s0 key=(null)
audit(1772814484.675:289): proctitle=746F756368002F6566732F466163746F72794170702F746573745F7772697465
audit(1772814484.675:290): avc:  denied  { search } for  pid=19157 comm="touch" name="FactoryApp" dev="mmcblk0p3" ino=21 scontext=u:r:shell:s0 tcontext=u:object_r:app_efs_file:s0 tclass=dir
audit(1772814484.675:290): arch=40000028 syscall=322 per=800008 success=no exit=-13 a0=ffffff9c a1=be9cba01 a2=20040 a3=1b6 items=0 ppid=19155 pid=19157 auid=4294967295 uid=2000 gid=2000 euid=2000 suid=2000 fsuid=2000 egid=2000 sgid=2000 fsgid=2000 ses=4294967295 tty=pts2 comm="touch" exe="/system/bin/toybox" subj=u:r:shell:s0 key=(null)
audit(1772814484.675:290): proctitle=746F756368002F6566732F466163746F72794170702F746573745F7772697465
audit(1772820317.990:291): avc:  denied  { execute } for  pid=14111 comm="sh" name="lpm" dev="mmcblk0p20" ino=774 scontext=u:r:shell:s0 tcontext=u:object_r:lpm_exec:s0 tclass=file
audit(1772820317.990:291): arch=40000028 syscall=334 per=800008 success=no exit=-13 a0=ffffff9c a1=b6d06304 a2=1 a3=0 items=0 ppid=3100 pid=14111 auid=4294967295 uid=2000 gid=2000 euid=2000 suid=2000 fsuid=2000 egid=2000 sgid=2000 fsgid=2000 ses=4294967295 tty=pts0 comm="sh" exe="/system/bin/sh" subj=u:r:shell:s0 key=(null)
audit(1772820317.990:291): proctitle=2F73797374656D2F62696E2F7368002D
audit(1772820318.170:292): avc:  denied  { execute } for  pid=14111 comm="sh" name="lpm" dev="mmcblk0p20" ino=774 scontext=u:r:shell:s0 tcontext=u:object_r:lpm_exec:s0 tclass=file
audit(1772820318.170:292): arch=40000028 syscall=334 per=800008 success=no exit=-13 a0=ffffff9c a1=b6d06304 a2=1 a3=0 items=0 ppid=3100 pid=14111 auid=4294967295 uid=2000 gid=2000 euid=2000 suid=2000 fsuid=2000 egid=2000 sgid=2000 fsgid=2000 ses=4294967295 tty=pts0 comm="sh" exe="/system/bin/sh" subj=u:r:shell:s0 key=(null)
audit(1772820318.170:292): proctitle=2F73797374656D2F62696E2F7368002D
audit(1772821643.590:293): avc:  denied  { search } for  pid=24242 comm="ls" name="FactoryApp" dev="mmcblk0p3" ino=21 scontext=u:r:shell:s0 tcontext=u:object_r:app_efs_file:s0 tclass=dir
audit(1772821643.590:293): arch=40000028 syscall=327 per=800008 success=no exit=-13 a0=ffffff9c a1=b6c0c000 a2=beee5820 a3=100 items=0 ppid=24240 pid=24242 auid=4294967295 uid=2000 gid=2000 euid=2000 suid=2000 fsuid=2000 egid=2000 sgid=2000 fsgid=2000 ses=4294967295 tty=pts3 comm="ls" exe="/system/bin/toolbox" subj=u:r:shell:s0 key=(null)
audit(1772821643.590:293): proctitle=6C73002D6C61002F6566732F466163746F72794170702F6B6579737472696E67735F4546532E786D6C
audit(1772821643.620:294): avc:  denied  { read } for  pid=24243 comm="ls" name="FactoryApp" dev="mmcblk0p3" ino=21 scontext=u:r:shell:s0 tcontext=u:object_r:app_efs_file:s0 tclass=dir
audit(1772821643.620:294): arch=40000028 syscall=322 per=800008 success=no exit=-13 a0=ffffff9c a1=b6c86018 a2=a4000 a3=0 items=0 ppid=24240 pid=24243 auid=4294967295 uid=2000 gid=2000 euid=2000 suid=2000 fsuid=2000 egid=2000 sgid=2000 fsgid=2000 ses=4294967295 tty=pts3 comm="ls" exe="/system/bin/toolbox" subj=u:r:shell:s0 key=(null)
audit(1772821643.620:294): proctitle=6C73002D6C61002F6566732F466163746F72794170702F
avc:  denied  { set } for property=sys.dumpstate.opt scontext=u:r:shell:s0 tcontext=u:object_r:dumpstate_prop:s0 tclass=property_service
type=2000 audit(0.355:1): initialized
type=1403 audit(1772823096.670:12): policy loaded auid=4294967295 ses=4294967295
type=1404 audit(1772823096.670:13): config_always_enforce - true; enforcing=1 old_enforcing=1 auid=4294967295 ses=4294967295
type=1701 audit(1772823242.800:180): auid=4294967295 uid=50008 gid=50008 ses=4294967295 subj=u:r:dex2oat:s0 pid=2964 comm="main" reason="memory violation" sig=11
type=1305 audit(1772823252.445:259): audit_pid=3707 old=0 auid=4294967295 ses=4294967295
 subj=u:r:auditd:s0 res=1
audit(0.355:1): initialized
audit(1772823096.670:12): policy loaded auid=4294967295 ses=4294967295
audit(1772823096.670:13): config_always_enforce - true; enforcing=1 old_enforcing=1 auid=4294967295 ses=4294967295
audit(1772823252.445:260): audit_enabled=1 old=1 auid=4294967295 ses=4294967295
 subj=u:r:auditd:s0 res=1
avc:  denied  { set } for property=sys.dumpstate.opt scontext=u:r:shell:s0 tcontext=u:object_r:dumpstate_prop:s0 tclass=property_service
avc:  denied  { set } for property=sys.dumpstate.opt scontext=u:r:shell:s0 tcontext=u:object_r:dumpstate_prop:s0 tclass=property_service
audit(1772824579.205:269): auid=4294967295 uid=0 gid=0 ses=4294967295 subj=u:r:debuggerd:s0 pid=2192 comm="debuggerd" reason="memory violation" sig=7
audit(1772824579.210:270): auid=4294967295 uid=1000 gid=1000 ses=4294967295 subj=u:r:system_app:s0 pid=3514 comm=".sec.imsservice" reason="memory violation" sig=7
audit(1772824579.210:271): auid=4294967295 uid=1001 gid=1001 ses=4294967295 subj=u:r:radio:s0 pid=3420 comm="m.android.phone" reason="memory violation" sig=7
audit(1772824579.210:272): auid=4294967295 uid=1000 gid=1000 ses=4294967295 subj=u:r:system_app:s0 pid=3714 comm="om.smartcomroot" reason="memory violation" sig=7
audit(1772824579.210:273): auid=4294967295 uid=1999 gid=1999 ses=4294967295 subj=u:r:auditd:s0 pid=3707 comm="auditd" reason="memory violation" sig=7
audit(1772824579.210:274): auid=4294967295 uid=1000 gid=1000 ses=4294967295 subj=u:r:system_server:s0 pid=2825 comm="android.bg" reason="memory violation" sig=7
audit(1772824579.210:275): auid=4294967295 uid=10047 gid=10047 ses=4294967295 subj=u:r:platform_app:s0:c512,c768 pid=3519 comm="PhoneStatusBar" reason="memory violation" sig=7
type=1701 audit(1772824579.285:277): auid=4294967295 uid=10002 gid=10002 ses=4294967295 subj=u:r:sec_untrusted_app:s0:c512,c768 pid=4909 comm="ndroid.contacts" reason="memory violation" sig=7
type=1701 audit(1772824579.310:278): auid=4294967295 uid=1001 gid=1001 ses=4294967295 subj=u:r:rild:s0 pid=2284 comm="rild" reason="memory violation" sig=7
type=1701 audit(1772824579.310:279): auid=4294967295 uid=1013 gid=1000 ses=4294967295 subj=u:r:mediaserver:s0 pid=2527 comm="Binder_1" reason="memory violation" sig=7
type=1701 audit(1772824579.320:280): auid=4294967295 uid=1001 gid=1001 ses=4294967295 subj=u:r:at_distributor:s0 pid=2503 comm="at_distributor" reason="memory violation" sig=7
type=1701 audit(1772824579.320:281): auid=4294967295 uid=1021 gid=1000 ses=4294967295 subj=u:r:gpsd:s0 pid=2522 comm="gpsd" reason="memory violation" sig=7
type=1701 audit(1772824579.325:282): auid=4294967295 uid=1000 gid=1000 ses=4294967295 subj=u:r:system_app:s0 pid=3864 comm="Binder_2" reason="memory violation" sig=7
type=1701 audit(1772824579.330:283): auid=4294967295 uid=1000 gid=1000 ses=4294967295 subj=u:r:ddexe:s0 pid=2504 comm="ddexe" reason="memory violation" sig=7
type=1701 audit(1772824579.330:284): auid=4294967295 uid=10034 gid=10034 ses=4294967295 subj=u:r:platform_app:s0:c512,c768 pid=6085 comm="Binder_1" reason="memory violation" sig=7
type=1701 audit(1772824579.330:285): auid=4294967295 uid=1000 gid=1000 ses=4294967295 subj=u:r:connfwexe:s0 pid=2188 comm="connfwexe" reason="memory violation" sig=7
type=1701 audit(1772824579.340:286): auid=4294967295 uid=1000 gid=1000 ses=4294967295 subj=u:r:smdexe:s0 pid=2924 comm="smdexe" reason="memory violation" sig=7
type=1701 audit(1772824579.890:287): auid=4294967295 uid=0 gid=0 ses=4294967295 subj=u:r:installd:s0 pid=2197 comm="installd" reason="memory violation" sig=7
type=2000 audit(0.360:1): initialized
type=1403 audit(1772824585.670:12): policy loaded auid=4294967295 ses=4294967295
type=1404 audit(1772824585.670:13): config_always_enforce - true; enforcing=1 old_enforcing=1 auid=4294967295 ses=4294967295
type=1701 audit(1772824732.395:180): auid=4294967295 uid=50008 gid=50008 ses=4294967295 subj=u:r:dex2oat:s0 pid=2975 comm=436F6D70696C657220647269766572 reason="memory violation" sig=11
type=1305 audit(1772824742.100:259): audit_pid=3704 old=0 auid=4294967295 ses=4294967295
 subj=u:r:auditd:s0 res=1
audit(0.360:1): initialized
audit(1772824585.670:12): policy loaded auid=4294967295 ses=4294967295
audit(1772824585.670:13): config_always_enforce - true; enforcing=1 old_enforcing=1 auid=4294967295 ses=4294967295
audit(1772824742.105:260): audit_enabled=1 old=1 auid=4294967295 ses=4294967295
 subj=u:r:auditd:s0 res=1
